Company Name,Description,Sales Markets,Primary Business Activity,Categories,Events,Address,Email,Telephone,Website,Profile URL
Arla Foods Ingredients,"Together we discover and deliver powerful nutrition for a stronger tomorrow Arla Foods Ingredients is a global leader in improving premium nutrition. Together with our customers, research partners, suppliers, NGOs and others, we discover and deliver...",Africa; Asia; Australia; Central/South America; Eastern Europe; Middle East; North America; Western Europe,Manufacturer: Ingredients / Additives,N/A,N/A,"Sønderhøj 10-12, 8260 J, Viby, Denmark",ingredients@arlafoods.com,+45 89 38 10 00,https://www.arlafoodsingredients.com,https://www.ingredientsnetwork.com/arla-foods-ingredients-comp248870.html
1Q Health GMBH,"1Q Health Fast Track to Quality From a product idea to the shelf - We bring your pharmaceutical product or food supplement to life with our full-service contract manufacturing solutions. We work closely with our customers to develop high-quality, i...",Asia; Eastern Europe; Western Europe,Contract Manufacturer,N/A,N/A,"Gewerbestraße 8, 82064, Strasslach, Germany",info@1qhealth.com,N/A,https://1qhealth.com,https://www.ingredientsnetwork.com/1q-health-gmbh-comp319830.html
LIPSA,"Lípidos Santiga (LIPSA) is a leading company in the refining of vegetable oils and fats for the human food, animal feed, technical applications and biofuels sectors.Since our beginnings in 1973, our objective has been to become the supplier of refer...",Africa; Asia; Australia; Central/South America; Eastern Europe; Middle East; North America; Western Europe,Raw Material Supplier,N/A,N/A,"Ctra. B-141 Ripollet A Santiga, km 4,300, 08130, Santa Perpetua de Mogoda, Spain",jolivero@lipsa.es,+34 935443119,https://www.lipsa.es,https://www.ingredientsnetwork.com/lipsa-comp301813.html
Brenntag Holding GmbH,"Brenntag Nutrition: Nourishing Innovation, Technology and Quality Welcome to Brenntag Nutrition – your trusted partner in the dynamic world of food, health, and nutritional ingredients. At Brenntag Nutrition, we are the expert of ingredients in eve...",Africa; Asia; Australia; Central/South America; Eastern Europe; Middle East; North America; Western Europe,Distributor,N/A,N/A,"Messeeallee 11, D 45131, Essen, Germany",N/A,+351 914328108,https://www.brenntag.com,https://www.ingredientsnetwork.com/brenntag-holding-gmbh-comp248703.html
GOED,"GOED is the only organization focused specifically on increasing consumption of EPA and DHA omega-3s around the world. Our 200+ members represent the entire supply chain from fisheries and crude oil suppliers to refiners, concentrators and brands. G...",Africa; Asia; Australia; Central/South America; Eastern Europe; Middle East; North America; Western Europe,Government /Pavilion Organiser /Trade Association,N/A,N/A,"222 South Main Street, Suite 500, 84101, Salt Lake City, United States",info@goedomega3.com,+1 (504) 224-9618,https://www.goedomega3.com,https://www.ingredientsnetwork.com/goed-comp264620.html
Barentz International B.V.,"At Barentz, we are passionate about delivering better ingredient solutions to the global food & beverage industry. More than a distributor, we act as a trusted partner, combining the best ingredients from world-class suppliers with our technical exp...",Africa; Asia; Australia; Central/South America; Eastern Europe; Middle East; North America; Western Europe,Distributor,N/A,N/A,"Burnhamstraat 8, 2132 GZ, Hoofddorp, Netherlands",communications@barentz.com,+31 (0) 23 567 34 56,https://www.barentz.com,https://www.ingredientsnetwork.com/barentz-international-b-v-comp249911.html
Freemen Nutra Group,"At Freemen Nutra, we empower our people and customers to become more successful by providing high quality nutritional ingredients and solutions. Freemen Nutra is committed to helping our clients in the food and beverage, dietary supplement, persona...",N/A,N/A,N/A,N/A,"Lange Kleiweg 52H, 2288GK, Rijswijk, Netherlands",N/A,+31-85-4854488,https://www.shanghaifreemen.com,https://www.ingredientsnetwork.com/freemen-nutra-group-comp318541.html
VIVATIS Pharma,"Vivatis – helping our partners succeed in the API, intermediates, nutraceuticals and functional food sectors. Vivatis is an independent full-service provider for manufacturers, marketing authorisation holders, distributors and brand owners in the ar...",N/A,N/A,N/A,N/A,"Grüner Deich 1-3, 20097, Hamburg, Germany",N/A,N/A,https://vivatis.de/,https://www.ingredientsnetwork.com/vivatis-pharma-comp307629.html
Dcc Health & Beauty Solutions,"HBI Health & Beauty Innovations manufactures and supplies nutritional, cosmetic, health and pharmaceutical products to world-leading health and beauty companies. With over 3,000 customers and more than 2,600 experts working across eight facilities, ...",Africa; Asia; Australia; Central/South America; Eastern Europe; Middle East; North America; Western Europe,Contract Manufacturer,N/A,N/A,"9-11 Hardwick Road, Astmoor Industrial Estate, WA7 1PH, Runcorn, Cheshire, United Kingdom",enquires@hbidcc.com,+44(0)1928 573734,https://www.hbidcc.com,https://www.ingredientsnetwork.com/dcc-health-beauty-solutions-comp307424.html
"Hangzhou VIGO Biotech Co., Ltd.","VIGO Nutrition is your valuable supplier for natural and functional ingredients of dietary supplements, sport nutrition, pharmaceuticals, cosmetics etc. including the plant extracts, vitamins, amino acids and other specialties. We are working with q...",N/A,N/A,N/A,N/A,"Room 2604, building 12, hangbaicheng",N/A,N/A,N/A,https://www.ingredientsnetwork.com/hangzhou-vigo-biotech-co-ltd-comp309628.html
ELCHAIS SAS,"Since 1958 Elchais has produced and supplied dehydrated vegetables, herbs and fruits to large multinationals companies as well as medium and small size companies. The company products are shipped to several countries globally including all EU countr...",N/A,N/A,N/A,N/A,"28 rue de Reims, 02350, MARCHAIS, France",chrystel.tetar@elchais.com,0323223578,N/A,https://www.ingredientsnetwork.com/elchais-sas-comp323008.html
Ingredients4u PTE LTD,"Founded in 2019, Ingredients4U offers an unrivalled directory of products, sourced from world-class ingredient brands and companies across the globe. Our client base spans food, supplements, pharmaceutical grade products, cosmetic ingredients and mu...",N/A,N/A,N/A,N/A,"50 Macpherson Road #07-01 Amazana Building, 348471, SIngapore, Singapore",sue.jin@ingredients4u.com,+33783438297,N/A,https://www.ingredientsnetwork.com/ingredients4u-pte-ltd-comp306118.html
SACMAR,"Founded in Milan in 1947, SACMAR is an independent Italian company specialising in flavours, food solutions, essential oils, botanical extracts and aromatic raw materials. Nearly 80 years of experience, combined with research, application expertise ...",Africa; Asia; Eastern Europe; Middle East; North America; Western Europe,Manufacturer: Ingredients / Additives,N/A,N/A,"via giovanni Keplero 7, 20019, settimo milanese, MI, Italy",sales@sacmar.it,+39023355521,https://www.sacmar.it,https://www.ingredientsnetwork.com/sacmar-comp291267.html
CTCS,"CTCS started years ago as a distributor of high-quality herbs and spices, driven by a passion for quality and customer-oriented service. From small beginnings, CTCS has grown into a reliable partner in the food industry, with a global network of sup...",Eastern Europe; North America; Western Europe,Import / Export Services,N/A,N/A,"Ambachtstraat 46,, 5804 CD, Venray, Netherlands",felix.lops@ctcs.de,+31 85 78 20 470,https://www.ctcs.de,https://www.ingredientsnetwork.com/ctcs-comp481907.html
Breko GmbH,"Breko is a leading supplier of wines, spirits, food and health ingredients, as well as raw materials for cosmetic applications and animal nutrition. Headquartered in Germany, the company has built a strong reputation for quality, reliability, and lo...",Asia; Western Europe,Distributor,N/A,N/A,"Hoerneckestrasse 3, 28217, Bremen, Germany",info@breko.de,+49 42 1460 70730,https://www.breko.de,https://www.ingredientsnetwork.com/breko-gmbh-comp248780.html
Hamburger Gewürz-Mühle Hermann Schulz,"HGM - experts in spices, herbs and spice mixtures Since more than 95 years we are one of the leading suppliers in the spice industry. We are an open minded, globally acting company, with contacts worldwide. We do not only import our raw material dir...",Eastern Europe; Western Europe,"Distributor; Food Safety, Quality and Service; Manufacturer: Finished Beverage Products; Manufacturer: Finished Food Products; Manufacturer: Food & Beverage Finished Products; Manufacturer: Ingredients / Additives; Raw Material Supplier",N/A,N/A,"Grossmannstrasse 221, 20539, Hamburg, Germany",info@hgmspice.de,+49 40 789701 0,https://www.hgmspice.de,https://www.ingredientsnetwork.com/hamburger-gew-rz-m-hle-hermann-schulz-comp289234.html
Puredia Corporation Limited,Puredia is a globally recognized company committed to delivering the purest natural raw ingredients while protecting sustainability. Full essence of the plants is captured with distinctive technology at our advanced facilities without using damagin...,Africa; Asia; Australia; Central/South America; Eastern Europe; Middle East; North America; Western Europe,Contract Manufacturer; Distributor; Raw Material Supplier,N/A,N/A,1312 New East Ocean Centre,inquiries@puredia.com,+852 3106 3220,https://www.puredia.com,https://www.ingredientsnetwork.com/puredia-corporation-limited-comp249200.html
Euroduna Food Ingredients GmbH,"For over 30 years, EURODUNA Food Ingredients GmbH has been supplying the food industry with high-quality ingredients. Today we're one of Germany's leading importers of soy protein and a reliable partner for food manufacturers across a wide range of ...",Eastern Europe; North America; Western Europe,Distributor,N/A,N/A,"Schusterring 18a, 25355, Barmstedt, Germany",food@euroduna.com,+49 4123 90 2318,https://www.euroduna-food.com,https://www.ingredientsnetwork.com/euroduna-food-ingredients-gmbh-comp248730.html
Hädener Rohstoffe GmbH,"Founded in 1987, Hädener Rohstoffe is a Swiss-based supplier of innovative food ingredients, natural and active products and functional solutions that make a difference. Hädener offers a comprehensive portfolio of globally sourced products for custo...",Asia; Eastern Europe; Western Europe,Distributor,N/A,N/A,Zwinglistrasse 6,info@haedener.ch,N/A,https://www.haedener.ch,https://www.ingredientsnetwork.com/h-dener-rohstoffe-gmbh-comp318184.html
Favea a.s.,"FAVEA a.s. is a modern, flexible Czech producer of innovative, safe products designed to improve the quality of life. The company's mission is to build long-term, mutually beneficial relationships with its customers by offering optimal solutions tai...",Asia; Eastern Europe; Middle East; North America; Western Europe,Contract Manufacturer,N/A,N/A,"B. Nemcove 580/1b, 74221, Koprivnice, Czech Republic",svancerova@favea.cz,N/A,https://WWW.FAVEA.COM,https://www.ingredientsnetwork.com/favea-a-s-comp307447.html
Technophar,"Technophar — a Roquette Company, is a globally recognized supplier of softgel capsule machines, auxiliary equipment and service-based solutions. With over 40+ of experience, we have established ourselves as a truly global company, with our Canadian ...",Asia; Australia; Central/South America; Eastern Europe; Middle East; North America; Western Europe,Contract Manufacturer,N/A,N/A,"Str. Dr. Dumiytu Bagdasar, nr. 40, 107180, Cornu, Jud. Prahova, Romania",inquiries@technophar.com,N/A,https://www.technophar.com,https://www.ingredientsnetwork.com/technophar-comp307609.html
Pharmanager Development,"Pharmanager Development is a scientific and regulatory consulting company specialized in the nutrition and health sector, covering food products, nutraceuticals, pharmaceuticals, cosmetics, animal nutrition, animal hygiene products and biocides. Our...",N/A,Consulting,N/A,N/A,"24, rue Max Richard, 49100, ANGERS, France",contact@pharmanager-development.com,N/A,https://www.pharmanager-development.com/en/,https://www.ingredientsnetwork.com/pharmanager-development-comp476317.html
SD Guthrie International Speciality Ingr,"With over 50 years of experience, SD Guthrie is a pioneer in the production of modified lecithin from soybeans, sunflowers, and rapeseed in the Netherlands. Our product range includes Bolec® and Sunlec®, enhanced through enzymatic hydrolysis or frac...",N/A,Manufacturer: Ingredients / Additives,N/A,N/A,"Lindtsedijk 8, 3336 LE, Zwijndrecht, Netherlands",karen.mathias.rettig@sdguthrie.com,N/A,https://www.sdguthrie-si.com/,https://www.ingredientsnetwork.com/sd-guthrie-international-speciality-ingr-comp324287.html
"Wuyi Zhenwei Biological Science and Technology Co.,Ltd.","Wuyi Zhenwei Biological Science and Technology Co., Ltd (ZHENWEI) is a private high-tech manufacturing company established in 2001. As the industry leader and expert in natural extracted aliphatic primary alcohols, ZHENWEI became the first Policosan...",Eastern Europe; North America,Manufacturer: Ingredients / Additives,N/A,N/A,"Gangtou Industrial Zone, Wuyi County, 321208, Jinhua City, China",jimmyz@chinapolicosanol.com,+8618257079731,https://www.zwsw.com,https://www.ingredientsnetwork.com/wuyi-zhenwei-biological-science-and-technology-co-ltd-comp316956.html
Groward Group UAB,Groward Group group of companies comprises several progressive and innovative agribusiness enterprises employing over 700 specialists. We are one of the fastest growing agricultural business groups in Lithuania. The main activity areas of Groward Gr...,N/A,N/A,N/A,N/A,"Karaliaus Mindaugo Prospektas, 44307, Kaunas, Lithuania",egidijus.katkevicius@groward.eu,N/A,N/A,https://www.ingredientsnetwork.com/groward-group-uab-comp316099.html
Duynie,"We help the world in the transition towards circularity by making optimal use of resources and reducing environmental impact. Together with partners, customers and stakeholders, we are constantly looking for new, creative ways to generate more value...",Western Europe,Manufacturer: Ingredients / Additives,N/A,N/A,"Kortsteekterweg 57, 2407 AJ, Alphen aan den Rijn, Netherlands",info@duynie-ingredients.com,+31 485 744 300,N/A,https://www.ingredientsnetwork.com/duynie-comp320836.html
Gelato Pro Software,"Elevate Your Art with the Science of Precision: Meet Gelato Pro In the world of artisanal frozen desserts, the difference between a good product and a masterpiece lies in the technical precision of the laboratory. Gelato Pro is the definitive all-i...",Asia; Australia; Central/South America; North America; Western Europe,Consulting,N/A,N/A,"21 Rue Cafabre, 83400, Hyères, France",contact@gelato-pro.com,N/A,https://www.gelato-pro.com/,https://www.ingredientsnetwork.com/gelato-pro-software-comp479490.html
ACG,"We know how hard it can be to get better. That's why, for sixty years, we've been getting better at helping our pharmaceutical and nutraceutical partners make people better. Founded in Mumbai in 1961, ACG now serves companies all over the world, tou...",Africa; Asia; Australia; Central/South America; Eastern Europe; Middle East; North America; Western Europe,"Equipment, Packaging & Processing Supplier",N/A,N/A,131 Kandivali Industrial State,govind.yadav@acg-world.com,+91 22 2678 3244,https://www.acg-world.com,https://www.ingredientsnetwork.com/acg-comp267818.html
Royal Cosun,Royal Cosun is an international agricultural cooperative. We strive to unlock the full potential of plants. We offer sustainable and innovative plant-based solutions to the challenges facing our society now and in the future. Cosun produces plant-ba...,N/A,Manufacturer: Ingredients / Additives,N/A,N/A,"Van de Reijtstraat 15, 4814 NE, breda, Netherlands",info@cosun.com,+31 765049 494,https://www.cosun.com,https://www.ingredientsnetwork.com/royal-cosun-comp318556.html
Umalaxmi Organics Pvt. Ltd.,"With a focus on sustainability, quality, and innovation, Umalaxmi has been at the forefront of the Botanical Extract and Phytochemicals industry since 2000. The company was founded with the vision of Mr. Rakesh Dave to provide high-quality, plant-ba...",Africa; Asia; Australia; Central/South America; Eastern Europe; Middle East; North America; Western Europe,Manufacturer: Ingredients / Additives,N/A,N/A,"F-245-249,255 Agro Food Park, 342012, Jodhpur, India",ceo@umalaxmi-organics.com,N/A,https://www.umalaxmi-organics.com/index.htm,https://www.ingredientsnetwork.com/umalaxmi-organics-pvt-ltd-comp307620.html
Omega Spice,"With over 25 years of experience, we are an European manufacturer specializing in the production and supply of spices to the global food industry. Our production capacity of over 10,000 tons, along with our team of highly qualified professionals, al...",Africa; Asia; Australia; Central/South America; Eastern Europe; Middle East; North America; Western Europe,Manufacturer: Ingredients / Additives,N/A,N/A,Polígono Industrial «La Capellanía» Fase II,info@omegaspice.com,646490440,N/A,https://www.ingredientsnetwork.com/omega-spice-comp296336.html
Sveba S.R.L Unipersonale,"SVEBA was founded in 1994 by the Salamone family as a laboratory for phytotherapeutic preparations. Over time, it has evolved into a leading design, development, and production company. Today, we are one of the main European Contractors and CDMOs op...",N/A,Contract Manufacturer,N/A,N/A,"Via Dell'industria 369, 22070, Cassina Rizzardi, Italy",a.lista@sveba.it,N/A,https://www.sveba.it,https://www.ingredientsnetwork.com/sveba-s-r-l-unipersonale-comp324293.html
Finno Health Oy,"Finno Health has been working in the health sector since 1974. We are a family owned company producing our own branded products and representing selected medical device and health product brands. We appreciate trust, transparency, and flexibility in...",Africa; Asia; Eastern Europe; Middle East; North America; Western Europe,Manufacturer: Finished Beverage Products,N/A,N/A,"Karryvayla 4, 60100, Seinajoki, Finland",info@finnomedical.fi,N/A,N/A,https://www.ingredientsnetwork.com/finno-health-oy-comp317487.html
"Chengdu Cogon Bio-tech Co., Ltd",We're a good manufacturing factory focused on extracting and purification of quality Astragaloside IV and Cycloastragenol and Calycosin-7-O-beta-D-glucoside from Astragalus membranaceus root more than 21 years in China. Our featured products: 5-99% ...,Africa; Asia; Australia; Central/South America; Eastern Europe; Middle East; North America; Western Europe,Manufacturer: Ingredients / Additives,N/A,N/A,"No. 86 Wuxing Road,, Chengdu, China",cogon@cogonag4.com,86 18780119399,https://www.cogonag4.com,https://www.ingredientsnetwork.com/chengdu-cogon-bio-tech-co-ltd-comp481481.html
Thai-Nichi Enterprise,"Since our founding in 1992, we have been committed to delivering delicious, enjoyable, and healthy food to people around the world. Our company also handles plant-based and health-promoting ingredients developed in Japan, aiming to contribute to ove...",N/A,Raw Material Supplier,N/A,N/A,"130-132 Sindhorn Tower 3, 19 Floor, Wireless road,Lumphini, Pathumwan, Thailand",TNE@THAINICHI.COM,N/A,https://www.thai-nichi-enterprise.com/,https://www.ingredientsnetwork.com/thai-nichi-enterprise-comp319859.html
"MP Gokyo Food & Chemical Co., Ltd.","MP Gokyo Food & Chemical Co., Ltd. supplies a wide range of products including hydrocolloids, seasonings, food ingredients, personal care ingredients, pharmaceutical excipients and electronic materials mainly in Japan market. We serve as both a manu...",N/A,Manufacturer: Ingredients / Additives,N/A,N/A,"Herbis Osaka 20th Fl., 2-5-25 Umeda, Kita-ku,, Osaka, Japan",global_info@mpgfc.co.jp,N/A,N/A,https://www.ingredientsnetwork.com/mp-gokyo-food-chemical-co-ltd-comp314034.html
Shah TC Distribution LLP,"We are India's leading force in pharmaceutical ingredient distribution — trusted by global manufacturers and relied upon by top Indian formulators. With a strong team of 100+ skilled professionals across India and China, and a network of multi-locat...",N/A,Distributor,N/A,N/A,"304, Aggarwal City Square, Mangalam Place, Sector - 3, Rohini, North West Delhi, Delhi, India",info@shahtc.com,N/A,N/A,https://www.ingredientsnetwork.com/shah-tc-distribution-llp-comp328091.html
Faravelli,"FARAVELLI is a global first-class distributor of raw materials for the food, animal nutrition, nutraceutical, cosmetics, pharmaceutical, and fine chemical industry. You can find us in Italy, Germany, Czech Republic, Spain, China and the US . We are...",Asia; Central/South America; Eastern Europe; Middle East; North America; Western Europe,N/A,N/A,N/A,"Via Medardo Rosso, 8, 20159, Milano, Italy",N/A,+39 02 697171,https://www.faravelli.it,https://www.ingredientsnetwork.com/faravelli-comp248963.html
LO.LI. PHARMA INTERNATIONAL S.R.L.,"Lo.Li. Pharma International, a dynamic division of the Lo.Li. Pharma group, excels in the global out-licensing of innovative dietary supplements and medical devices. Established in 2012, our company operates from Rome, Italy, extending the reach of ...",Africa; Asia; Australia; Central/South America; Eastern Europe; Middle East; North America; Western Europe,Distributor,N/A,N/A,"Via Tiburtina 912, 00156, Rome, Italy",info@lolipharmainternational.com,N/A,https://www.lolipharmainternational.com/,https://www.ingredientsnetwork.com/lo-li-pharma-international-s-r-l-comp317499.html
Alland & Robert,"Created in 1884, Alland & Robert is a French family company and pioneer in natural tree exudates. Alland & Robert is strongly focused on gum acacia , an entirely natural additive and ingredient used in food products worldwide. Alland & Robert export...",Africa; Asia; Australia; Central/South America; Eastern Europe; Middle East; North America; Western Europe,Manufacturer: Ingredients / Additives,N/A,N/A,"9 Rue de Saintonge, 75003, Paris, France",info@allandetrobert.fr,+33 144592100,https://www.allandetrobert.fr,https://www.ingredientsnetwork.com/alland-robert-comp248696.html
Bioriginal Europe / Asia,"Bioriginal is one of the world's leading suppliers of omega 3-6-9, organic protein, and nutraceutical products. We are a global leader with three decades of expertise, and are specialized in crafting natural nutritional ingredients, foods, and suppl...",Africa; Asia; Eastern Europe; Middle East; Western Europe,Manufacturer: Ingredients / Additives,N/A,N/A,"Bosland 40, 3258 AC, Den Bommel, Netherlands",business@bioriginal.nl,N/A,https://www.bioriginal.nl,https://www.ingredientsnetwork.com/bioriginal-europe-asia-comp307395.html
Ecuadorian Rainforest LLC,"Ecuadorian Rainforest: Your Source for Quality Nutraceuticals and Bulk Ingredients. Ecuadorian Rainforest LLC (ER) has been a reliable supplier of bulk extracts, wholesale nutraceuticals, and bulk herbs for over 25 years. With expertise in natural i...",Africa; Asia; Australia; Central/South America; Eastern Europe; Middle East; North America; Western Europe,Raw Material Supplier,N/A,N/A,222 Getty Ave,info@intotherainforest.com,973-759-2002,https://www.intotherainforest.com,https://www.ingredientsnetwork.com/ecuadorian-rainforest-llc-comp307432.html
Colorcon Limited,Colorcon is a world leader in the design and development of specialty excipients and functional packaging for solid oral dosages for the pharmaceutical and nutritional industries. Our label friendly excipients and film coatings are designed for the ...,Africa; Asia; Australia; Central/South America; Eastern Europe; Middle East; North America; Western Europe,Manufacturer: Ingredients / Additives,N/A,N/A,Flagship House,kavril@colorcon.com,N/A,https://www.colorcon.com,https://www.ingredientsnetwork.com/colorcon-limited-comp307417.html
Ohly GmbH,"Ohly® is one of the world's leading suppliers of yeast derivatives and culinary powders for the global food, biotechnology, human, and animal health markets. The company offers a wide range of multifunctional specialties based on natural baker's and...",Africa; Asia; Australia; Central/South America; Eastern Europe; Middle East; North America; Western Europe,Manufacturer: Ingredients / Additives,N/A,N/A,"Wandsbeker Zollstrasse 59, D-22041, Hamburg, Germany",info@ohly.com,+49 40 68 293 0,https://www.ohly.de,https://www.ingredientsnetwork.com/ohly-gmbh-comp248802.html
Advantic Sp. z o.o.,"Advantic Sp. z o.o.. is a Polish importer and distributor of high-quality raw materials and functional ingredients for the food, dietary supplement and animal feed industries. For over 10 years, we have been helping manufacturers source reliable, h...",Australia; Eastern Europe; Middle East; Western Europe,Distributor,N/A,N/A,"ul. Michala Wolodyjowskiego 11, 05-660, Warka, Poland",contact@advantic.com.pl,+48 607967258,https://advantic.com.pl/,https://www.ingredientsnetwork.com/advantic-sp-z-o-o-comp317464.html
EMBOCAPS,"Companies that want the best use Embocaps® Empty Hard Capsules. Industry benchmark for capsule filling performance. Est 1973, one of the largest capsule supplier globally, publicly traded, same ownership since inception, vertically integrated. Suppl...",N/A,Manufacturer: Ingredients / Additives,N/A,N/A,"Ludwig-Erhard-Straße 30-34 Hesse, 65760, Eschborn, Germany",grace@embocaps.com,N/A,https://www.suheung.com/,https://www.ingredientsnetwork.com/embocaps-comp307602.html
St. Anne's Factory (Pvt) Ltd,St Annes Factory is company based in Sri Lanka engaged in manufacturing Organic and non Organic Coconut kernel based products as both Food Ingredients and Final consumer ready to eat foods. Since 1953 the company has been family owned and has devel...,Western Europe,Contract Manufacturer,N/A,N/A,"Daluwa Mampuri, 61341, Puttalam, Sri Lanka",ceo@cocoana.com,+94777714888,https://www.cocoana.com,https://www.ingredientsnetwork.com/st-anne-s-factory-pvt-ltd-comp481927.html
"SUZHOU VITAJOY BIO-TECH CO., LTD","Vitajoy was established in 2005 and based in Suzhou, China. Suzhou Vitajoy Biotech Co.,Ltd, as a bio-tech leader in the integration of research, production and trade, has been committed to the research & development, manufacturing and sales of amino...",Africa; Australia; Central/South America; Middle East; Western Europe,Contract Manufacturer,N/A,N/A,"B13-102, No 192, Tinglan Lane",N/A,86-13913589409,N/A,https://www.ingredientsnetwork.com/suzhou-vitajoy-bio-tech-co-ltd-comp307603.html
Novolite,"Since its establishment in 2013, Shanghai Trilives Biotech has grown into a leading service provider in China's nutraceutical industry, specializing in customized solutions for both ingredients and finished products. We collaborate with over 50 pre...",Asia,Contract Manufacturer,N/A,N/A,"1633 Bayshore Highway, Suite 301, CA 94010, Burlingame, United States",jack@berkeley-solutions.com,N/A,https://www.trilives.com.cn,https://www.ingredientsnetwork.com/novolite-comp324298.html
Spice Services,"European Spice Services nv is a one-stop shop for food safe spices, herbs and air-dried vegetables. Our products are purchased from selected quality suppliers in the country of origin. We can offer our European clients direct container deliveries or...",Africa; Asia; Australia; Central/South America; Eastern Europe; Middle East; North America; Western Europe,Distributor,N/A,N/A,"Kleine Dweersstraat 75, 9140, Temse, Belgium",info@spiceservices.com,+32 37105732,https://www.spices.be,https://www.ingredientsnetwork.com/spice-services-comp252048.html
Herbal Creations,"Established in the year 1979 at Nainital in Uttarakhand, Herbal Creations is one of the rapidly emerging Manufacturers, Exporters and Suppliers of Phytochemicals and Herbal Extracts with an ISO 9001:2008 certification. Under the efficient headship o...",N/A,Manufacturer: Ingredients / Additives,N/A,N/A,"Village Nayagaon Chandan Singh Block Kotabagh, Kaladhungi,(Dist) Nainital, 263139, Uttarakhand, India",office@herbal-creations.com,N/A,https://www.herbal-creations.com,https://www.ingredientsnetwork.com/herbal-creations-comp475420.html
LAUTA CARRAGEENANS,"Lauta Carrageenans Ltd., established in 2008, operates from its headquarters located in Nanjing, China. Renowned as a pioneer in technological innovation, Lauta Carrageenans specializes in the production of high-quality carrageenans. Our cutting-edg...",Africa; Asia; Australia; Central/South America; Eastern Europe; Middle East; North America; Western Europe,Manufacturer: Ingredients / Additives,N/A,N/A,"no. 26 road hongwu, 210002, Nanjing, China",m.radzimirska@customfiber.com,+48 600 323 693,https://www.carrageenans.com,https://www.ingredientsnetwork.com/lauta-carrageenans-comp270545.html
"SCFoods, Sumitomo Corporation Europe Ltd.","SCFoods, Sumitomo Europe Ltd. has been active in international trade, business development, and investment for more than a century, connecting producers and customers across global markets. In the food sector, its activities go beyond traditional tr...",N/A,Import / Export Services,N/A,N/A,"Calle Infanta Mercedes 90, Planta 7, 28020, Madrid, Spain",bjorn.fischer@sumitomocorp.com,0034646355346,https://www.sumitomocorp.com,https://www.ingredientsnetwork.com/scfoods-sumitomo-corporation-europe-ltd-comp480271.html
First Grade International,"We are a leading supplier of high-quality bulk food ingredients to food and drink manufacturers across the UK and Europe. We are the UK's largest importer and supplier of coconut ingredients, offering an extensive range of high-quality coconut produ...",Asia; Eastern Europe; North America; Western Europe,Raw Material Supplier,N/A,N/A,"Coconut House, Tay Court",bulksales@fg-int.co.uk,+44 (0) 1564 731980,https://www.fg-int.co.uk/,https://www.ingredientsnetwork.com/first-grade-international-comp480579.html
Nordmann Rassmann GmbH,"Nordmann, Rassmann GmbH, headquartered in Hamburg, Germany, is the managing company of the international Nordmann Group. Founded in 1912, Nordmann has remained an independent, family-owned business and is part of Georg Nordmann Holding AG. With subs...",Asia; Eastern Europe; North America; Western Europe,Distributor,N/A,N/A,"Kajen 2 Hamburg, 20459, Hamburg, Germany",info@nordmann.global,+49 40 3687 0,https://www.nordmann.global,https://www.ingredientsnetwork.com/nordmann-rassmann-gmbh-comp267963.html
Deretil Nature S.L.U.,"Deretil Nature began its industrial journey in 2013 as a result of the decision adopted by the Deretil Group to increase its commitment and dedication to the segments of functional food and cosmetics, through the creation of a new company serving th...",N/A,Manufacturer: Ingredients / Additives,N/A,N/A,"Carrer Llull,321, 08019, Barcelona, Spain",Manuel.Santiandreu@deretil.com,N/A,https://www.deretilnature.com,https://www.ingredientsnetwork.com/deretil-nature-s-l-u-comp307425.html
Terezia Company s.r.o.,"We are a purely Czech company that has been developing, producing, and distributing its own products made from medicinal mushrooms and plants for more than 30 years. Our philosophy is to provide people with the highest amount of effective natural su...",Africa; Asia; Eastern Europe; Middle East; Western Europe,Manufacturer: Finished Food Products,N/A,N/A,"Na Navrsi 997/14, 14100, Prague, Czech Republic",info@terezia.eu,N/A,https://www.terezia.eu/en,https://www.ingredientsnetwork.com/terezia-company-s-r-o-comp307611.html
Basic Nutrition Co. Ltd,"We offer nutraceutical ingredients from our primary facilities with food certs, and respecting EU food legislation for pesticides, residues. We offer small to large quantities of wide range products: Extracts, Amino acids, Vitamins, etc. Featured it...",Africa; Asia; Australia; Central/South America; Eastern Europe; Middle East; North America; Western Europe,Contract Manufacturer; Distributor; Raw Material Supplier,N/A,N/A,No. 406 Pole Tower,N/A,+86-21-336 33133,https://www.basicnutrition.com.cn,https://www.ingredientsnetwork.com/basic-nutrition-co-ltd-comp249754.html
Globofarm International Pvt Ltd,GLOBOFARM INTERNATIONAL PVT. LTD. is an active supplier in Asian and EU pharma market and are valid suppliers for nutraceutical ingredients. We see you have extensive range of supplements for which we can provide. Please let me know if you are inter...,Asia; Eastern Europe; Middle East; Western Europe,Raw Material Supplier,N/A,N/A,"4-B 4TH FLOOR SATURN BUILDING, NEAR LAXMI NARAYAN TEMPLE, SANTACRUZ WEST, MUMBAI, India",anushreejain@globofarm.net,N/A,N/A,https://www.ingredientsnetwork.com/globofarm-international-pvt-ltd-comp312985.html
Henry Lamotte Oils GmbH,"As a leading supplier and producer, we at Henry Lamotte Oils gain high-quality oils , vegetable butter , waxes , seed flours and oleoresins from nature's plenty. Our customers work worldwide in the industry sectors foods , cosmetics , pharmaceutical...",Asia; Australia; Central/South America; Eastern Europe; Middle East; North America; Western Europe,Contract Manufacturer; Distributor; Manufacturer: Finished Food Products; Manufacturer: Ingredients / Additives; Raw Material Supplier,N/A,N/A,"Merkurstraße 47, 28197, Bremen, Germany",info@lamotte.de,+49 42152390,https://www.lamotte-oils.de,https://www.ingredientsnetwork.com/henry-lamotte-oils-gmbh-comp279235.html
"Qingdao Nutralong Pharmachem Co., Ltd.","Established in 2010, Nutralong is striving to become the leading supplier in the integration of R&D, Production and Distribution. We provide the raw ingredients including natural sweeteners, joint health, specialties, vitamins, minerals, amino acids...",Australia; Eastern Europe; North America; Western Europe,Raw Material Supplier,N/A,N/A,"No. 20, Zhuzhou Road, 266101, Qingdao, China",lucy@nutralong.com,86 13853212106,https://www.nutralong.com,https://www.ingredientsnetwork.com/qingdao-nutralong-pharmachem-co-ltd-comp309060.html
Advanced Biotech Europe GmbH,Advanced Biotech is a leading supplier of raw materials to the flavor and fragrance industry. We strive to provide only the highest quality flavors and fragrance ingredients and are one of the leading suppliers of raw materials to the industry. From...,Africa; Asia; Australia; Central/South America; Eastern Europe; Middle East; North America; Western Europe,N/A,N/A,N/A,"Flughafendamm 11, 28199, Bremen, Germany",aisernia@adv-bio.com,+1 973 357 0577,https://www.adv-bio.com,https://www.ingredientsnetwork.com/advanced-biotech-europe-gmbh-comp267846.html
Altuntas Baharat San. Ve Tic. A.S.,"Established in 1971 in Denizli, Turkey, ALTUNTAŞ specializes in culinary herbs, seeds, medicinal herbs, roots, and special products. Our mission is to be the reliable and pure spice manufacturer with higher, standardized quality above the industry n...",Asia; Australia; Central/South America; Eastern Europe; North America; Western Europe,Manufacturer: Ingredients / Additives,N/A,N/A,Bozburun Mahallesi,info@altuntas.com.tr,+90 258 371 03 23,N/A,https://www.ingredientsnetwork.com/altuntas-baharat-san-ve-tic-a-s-comp284349.html
Spaichinger Nudelmacher GmbH,"Spaichinger Nudelmacher is part of the ALB-GOLD group, one of the major pasta manufacturers in Germany. For more than 160 years we have been producing pasta in Spaichingen. With a young, creative team and the latest production facilities, we are now...",Western Europe,Contract Manufacturer,N/A,N/A,"Eschenwasen 7-9, D - 78549, Spaichingen, Germany",info@spaichinger.com,+49 7429 9823990,https://www.spaichinger.com,https://www.ingredientsnetwork.com/spaichinger-nudelmacher-gmbh-comp251394.html
Spice United,"Spice United Europe B.V. is a Dutch company ​​specialized in the import, distribution, and sales of high-quality spices from Madagascar, such as cinnamon, cloves, pepper, and other exotic spices and Vanille BV, also Dutch, is specialized in various...",Eastern Europe; Western Europe,Raw Material Supplier,N/A,N/A,"Neerloopweg 53, 4814 RS, Breda, Netherlands",edgarleurink@spiceunited.nl,+31387854527        +31622055058,https://www.spiceunited.nl       www.vanille.nl,https://www.ingredientsnetwork.com/spice-united-comp476648.html
Import Promotion Desk,Cost- and risk-optimized sourcing from new markets Do you want to import natural ingredients? Are you looking for high-quality products and reliable suppliers? We support you in your sourcing - free of charge and neutral. At FiE we connect you with...,Central/South America; Eastern Europe; Western Europe,"Food Safety, Quality and Service; Government /Pavilion Organiser /Trade Association",N/A,N/A,"Alexanderstr. 10, 53111, Bonn, Germany",fluck@importpromotiondesk.de,+49 30 590099 596,https://www.importpromotiondesk.com,https://www.ingredientsnetwork.com/import-promotion-desk-comp249590.html
Ocean Spray Ingredient Technology Group,Ocean Spray Professional creates innovative cranberry ingredients to suit your needs! Ocean Spray's success in bringing cranberries to food and beverages manufacturers has secured its place as one of the world's leading fruit ingredient suppliers. ...,Africa; Asia; Australia; Central/South America; Eastern Europe; Middle East; North America; Western Europe,Manufacturer: Ingredients / Additives; Raw Material Supplier,N/A,N/A,"One Ocean Spray Drive, 02349, Lakeville-Middleboro, MA, United States",N/A,+1-508-946 7000,https://oceansprayitg.com,https://www.ingredientsnetwork.com/ocean-spray-ingredient-technology-group-comp252872.html
Wego,"Wego Chemical Group—a family owned and operated company—is a global supplier, importer, and distributor of chemicals, minerals, and raw materials. Wego offers a variety of chemical products with diverse applications and uses, servicing a wide range ...",Central/South America; Eastern Europe; Middle East; North America; Western Europe,Raw Material Supplier,N/A,N/A,"Bredaseweg 108A, 4902 NS, Oosterhout, Netherlands",mazizi@wegochem.com,+31 162 820 300,https://www.wegochem.com,https://www.ingredientsnetwork.com/wego-comp309022.html
Hemplab Ltd,We are a well-established contract manufacturer of dietary supplements and an owner of retail brands that we distribute around Europe. Our products are manufactured in accordance with the highest quality standards and with raw materials only from re...,Eastern Europe; Western Europe,Contract Manufacturer,N/A,N/A,"Wrotkowska 2, 20-469, Lublin, Poland",info@hemplab.ltd,48694412559,https://hemplab.ltd/,https://www.ingredientsnetwork.com/hemplab-ltd-comp312855.html
Pouch Alliance BV,"We offer formulation advice and, based on our experience and expertise, offer complete customised formulation development, using cutting-edge ingredients. Pouch Alliance produces all gels, liquid food supplements and functional beverages on request...",N/A,Manufacturer: Food & Beverage Finished Products,N/A,N/A,"Eendrachtstraat 1-b, 1531 DT, Wormer, Netherlands",iklitsie@pouchalliance.com,N/A,https://www.pouchalliance.com,https://www.ingredientsnetwork.com/pouch-alliance-bv-comp307566.html
Synadiet,"Independent trade association founded in 1950, Synadiet brings together France's food supplement companies from all business lines (manufacturers, ingredient suppliers, marketers, consultants, distributors, etc.). With close to 300 members, Synadiet...",N/A,Government /Pavilion Organiser /Trade Association,N/A,N/A,"101 Rue Saint Lazare, 75009, Paris, France",nouscontacter@synadiet.org,+33(0)144730184,https://www.synadiet.org,https://www.ingredientsnetwork.com/synadiet-comp312845.html
WelBloom Biotech Co.,"Wel-Bloom is a dietary supplement contract manufacturer. Since 1999, it has been continuously offering professional nutritional supplements customized services for functional food and supplements diligently. Wel-Bloom has a global business network t...",N/A,Contract Manufacturer,N/A,N/A,"10F, No. 33, Xinmin Street,",jennyzhu@welbloom.com.tw,N/A,https://welbloom.com/,https://www.ingredientsnetwork.com/welbloom-biotech-co-comp314898.html
Packom International Doo,"Packom is a Contract Manufacturer/Private Label Producer making unique, innovative and delicious lozenges in the food-supplement and candy categories. Packom offers 14 ready-made food-supplement and 18 ready-made candy formulas in tasty lozenges or ...",Asia; Central/South America; Eastern Europe; Middle East; North America; Western Europe,Contract Manufacturer,N/A,N/A,Marsala Tita 1v,leigh@all-whole.com,N/A,https://www.vitamincandy.com/,https://www.ingredientsnetwork.com/packom-international-doo-comp309742.html
"SHANGHAI GUANG DE LI CAPSULE CO.,LTD","GDL Capsule firstly established in Taiwan since 1985, is a leading hard capsule manufacturer which is capable of producing 10B hard capsules per annum, serving the markets in Asia Pacific region. With the latest innovation and development of hard ca...",N/A,Contract Manufacturer,N/A,N/A,Daping Industrial Park,info@gdlcap.com,N/A,https://www.gdlcap.com,https://www.ingredientsnetwork.com/shanghai-guang-de-li-capsule-co-ltd-comp309283.html
Aquapharm Health & Nutrition GmbH,"Aquapharm Health & Nutrition GmbH is an owner-managed company, founded in 2003 and based in Pöcking am Starnberger See. Together with raw material suppliers in Asia, South and Central America, we have established ourselves in the field of plant extr...",Western Europe,Raw Material Supplier,N/A,N/A,"Hindenburgst. 44, 82343, Poecking, Germany",b.rad@aquapharm.de,4.67E+11,https://www.aquapharm.de,https://www.ingredientsnetwork.com/aquapharm-health-nutrition-gmbh-comp273282.html
Naturoil Gida ve Kimya San.Tic.Ltd.Sti.,"Since NATUROIL started in 2002 our overall aim never changed: To produce COLD PRESSED and AROMATIC OILS for the health of our customers. That's why our name stands for high Quality product. We achieve that by growing some products on our own fields,...",Africa; Australia; Middle East; North America; Western Europe,Raw Material Supplier,N/A,N/A,"OSB. Sk.No.1/1, 19000, Çorum, Türkiye",info@naturoil.com,N/A,https://www.naturoil.com,https://www.ingredientsnetwork.com/naturoil-gida-ve-kimya-san-tic-ltd-sti-comp326397.html
Ravazzi SpA,"MADE IN ITALY Our 5.000 sqm headquarter is in the center of Lombardy, the most important industrial Italian region. A strategic position, close to major lines of communication in the country and with Milano-Orio al Serio, one of the major Italian A...",N/A,Manufacturer: Finished Food Products,N/A,N/A,"Viale Lombardia 10, 24050, Orio al Serio, Italy",info@ravazzigummy.it,N/A,https://www.ravazzigummy.it,https://www.ingredientsnetwork.com/ravazzi-spa-comp327271.html
Vegan Foods,"Empowering Global Brands with Clean, Plant-Based Innovation. At Vegan Foods, we are more than just suppliers — we are your strategic partner in delivering premium dehydrated vegetables, and organic spices tailored for the next generation of health-...",Africa; Asia; Central/South America; Eastern Europe; North America; Western Europe,Manufacturer: Finished Food Products,N/A,N/A,"SURVEY NO 117/2P6/P2,",veganfoodsind@gmail.com,N/A,N/A,https://www.ingredientsnetwork.com/vegan-foods-comp475408.html
"Eton Food Co.,Ltd.","Eton Food Co., Ltd was situated in Tengzhou City, Shandong province which is the traffic junction of Jiangsu, Shandong, Anhui, and Henan Province. We are one of the professional producers and suppliers of food and feed additive in China. Enterprise ...",N/A,N/A,N/A,N/A,"Jixi Road,Jisuo Town,, Tengzhou, China",N/A,N/A,N/A,https://www.ingredientsnetwork.com/eton-food-co-ltd-comp296084.html
"Henan Zhongda Hengyuan Biotechnology Stock Co., Ltd.","Henan Zhongda Henyuan Biotechnology Stock Co., Ltd., located in the central hinterland of China, which is the pioneer and benchmarking enterprise using natural pigment on food applications in China. We are one of the largest professional manufacture...",Africa; Asia; Australia; Central/South America; Eastern Europe; Middle East; North America; Western Europe,N/A,N/A,N/A,"East of Jinger Rd., North of Weier Rd.,",N/A,+86 3955658188-8107,N/A,https://www.ingredientsnetwork.com/henan-zhongda-hengyuan-biotechnology-stock-co-ltd-comp251176.html
"Jiangxi Hengding Food Co., Ltd.","Jiangxi Hengding Food Co Ltd was founded in 2006 and the business includes the milling of flour or meal from grain. Products include:- rice syrup, glucose syrup, maltose, rice fructose, flavour syrup, non-dairy creamer, cereals, rice protein, ice cr...",Africa; Asia; Central/South America; Eastern Europe; Middle East; Western Europe,N/A,N/A,N/A,"No.2 Huideng Road,",N/A,+867956242788 ext.603,N/A,https://www.ingredientsnetwork.com/jiangxi-hengding-food-co-ltd-comp263911.html
Konark Herbals & Health Care Pvt Ltd,"Konark Herbals & Healthcare is in the Top Five Extract manufacturers in India. KHHC is an off shoot of the Konark group, with three manufacturing units at Daman (UT) near Vapi in Gujarat & Himachal Pradesh. We are the leading manufacturers and supp...",Africa; Asia; Australia; Central/South America; Eastern Europe; Middle East; North America; Western Europe,Manufacturer: Ingredients / Additives,N/A,N/A,"333, Konark Group, Adhyaru Industrial Estate Sunmill Compound, Lower Parel West, Mumbai, India",N/A,+91-22-40914 300,N/A,https://www.ingredientsnetwork.com/konark-herbals-health-care-pvt-ltd-comp269078.html
"Zhejiang Nutrasis Biotech Co.,ltd.","Nutrasis is a nutraceutical manufacturer headquartered in Zhejiang, China. Having experienced phenomenal growth, we are one of the fastest developing and most trusted suppliers of dietary supplements and vitamins, with a comprehensive service portfo...",N/A,N/A,N/A,N/A,No.6 Yuannan Road,N/A,N/A,https://www.nutrasis.com,https://www.ingredientsnetwork.com/zhejiang-nutrasis-biotech-co-ltd-comp309077.html
IMCD,"IMCD is a global leader in the distribution and formulation of speciality chemicals and ingredients, providing solutions to its partners. Across eight Business Groups*, its market specialists collaborate with suppliers and customers to help co-formu...",N/A,N/A,N/A,N/A,IMCD ESPANA ESPECIALIDADES,N/A,N/A,https://www.imcdgroup.com,https://www.ingredientsnetwork.com/imcd-comp324242.html
Bakker Seeds,"Since 1905 Bakker seeds is a highly versatile partner in the world of bakery seeds (located close to the Port of Rotterdam). The activities of our company are import/export, storage, transshipment, cleaning, blending and other forms of processing ...",Africa; Asia; Australia; Central/South America; Eastern Europe; Middle East; North America; Western Europe,Distributor; Raw Material Supplier,N/A,N/A,"Ambachtstraat 4, 2751 GP, Moerkapelle, Netherlands",N/A,+31 79 593 1347,N/A,https://www.ingredientsnetwork.com/bakker-seeds-comp248720.html
Bursa Jelatin,"We produce for you with the slogan of Halal Gelatin for the World. We serve many well-established organizations in global markets, grow stronger by following world standards, and become a pioneer in the sector with innovations. Even if we are affect...",N/A,Contract Manufacturer,N/A,N/A,Badirga Mh 8.sk no 4,sevil@karacaleather.com,+90 5309619494,N/A,https://www.ingredientsnetwork.com/bursa-jelatin-comp295167.html
Skuny Bioscience Co. Ltd,"Skuny Bioscience is a dynamic bio-tech company committed to discovery and commercializes active ingredients and formulas derived nutritional products utilizing proprietary biotechnology including Bio-separation, Bio-enzyme, and Fermentation. Skuny h...",N/A,N/A,N/A,N/A,"No.81, Industry Park",biogin@biogin.com,85260245,https://www.skuny.com,https://www.ingredientsnetwork.com/skuny-bioscience-co-ltd-comp280200.html
ARBES TOOLS PVT.LTD,"Arbes Tools is a family-owned, professionally managed business with a vision to be best-in-class globally. Since 1972, we have stood for quality and reliability with an understanding of the global pharmaceutical and nutraceutical industries. We have...",N/A,N/A,N/A,N/A,PLOT NO.D29/8 TTC INDUSTRIAL AREA,N/A,N/A,https://www.softgelencapsulation.com,https://www.ingredientsnetwork.com/arbes-tools-pvt-ltd-comp309807.html
F&F WE.KNOW.DAIRY.,"F&F WE.KNOW.DAIRY.BV is specialized in the global trade of high-quality dairy ingredients. Leveraging our extensive network within the European dairy industry, we deliver more than products: we provide expertise, reliability and tailored solutions. ...",Africa; Asia; Eastern Europe; Middle East; Western Europe,Contract Manufacturer,N/A,N/A,"Woudenbergseweg 19 C2, 3707  HW, Zeist, Netherlands",info@ffweknowdairy.com,0031 343 513696,https://www.ffweknowdairy.com,https://www.ingredientsnetwork.com/f-f-we-know-dairy-comp279228.html
Food Export USA,"Food Export Association of the Midwest USA (Food Export-Midwest) and Food Export USA-Northeast (Food Export-Northeast) are non-profit organizations composed of 23 Midwestern and Northeastern state agricultural promotion agencies that use federal, st...",N/A,N/A,N/A,N/A,"1617 JFK Blvd, 19103, Philadelphia, United States",N/A,N/A,https://www.foodexport.org,https://www.ingredientsnetwork.com/food-export-usa-comp481271.html
HSF Biotech,"As a high-tech biotechnology company, HSF Biotech is high-quality ingredient solutions manufacturer for human better life. Based on R&D and innovation, We serve multiple industries, such as dietary supplements, food and beverage, pharmaceutics, pers...",N/A,N/A,N/A,N/A,"Chang'an, 71000, Xi'an, China",N/A,N/A,https://www.hsfbiotech.com/about-us,https://www.ingredientsnetwork.com/hsf-biotech-comp317493.html
Port Everglades Dept. Of Broward County,"GOLDEN Sp. z o.o. is a Polish, certified manufacturer of freeze-dried, dry and frozen fruits. We only use fruits from reliable suppliers. We have own sour cherry plantation. We guarantee the highest quality of our products. Golden has own production...",N/A,Manufacturer: Ingredients / Additives,N/A,N/A,"Towarowa 3, 05530, Gora Kalwaria, Poland",handlowy@goldendrying.pl,00 48 600 065 238,https://www.goldendrying.pl,https://www.ingredientsnetwork.com/port-everglades-dept-of-broward-county-comp317055.html
Eurochem GmbH,"Whether it is bioactive ingredients for functional food, dietary supplements or natural compounds for cosmetics: Our heart beats for innovative agents derived from nature. In May 1995, Oliver Schulz and Anja Schalin founded “Eurochem Feinchemie GmbH...",N/A,Raw Material Supplier,N/A,N/A,"Industriestraße 29 Gröbenzell, 82194, Gröbenzell, Germany",info@eurochem.de,N/A,https://www.eurochem.de,https://www.ingredientsnetwork.com/eurochem-gmbh-comp309740.html
Hubei Konson Konjac Gum Co.� Ltd.,"Konson Konjac, a famous manufacturer in the Konjac industry since 1998, is specialised in the research and production of Konjac glucomannan. With safe and stable raw material supply channels, yearly upgraded equipment and advanced management, we hav...",Africa; Asia; Australia; Central/South America; Eastern Europe; Middle East; North America; Western Europe,Manufacturer: Ingredients / Additives,N/A,N/A,"Huarong Industrial Zone, Huarong District, Ezhou,, China",sales@konsonkonjac.com,+86 027 87863032,N/A,https://www.ingredientsnetwork.com/hubei-konson-konjac-gum-co-ltd-comp251184.html
Biostile d.o.o.,"The Biostile brand combines food supplements, cosmetics and teas, the main guideline of which is to effectively help maintain the health and healthy lifestyle of modern man. Biostile products are the result of the active participation of an internat...",Eastern Europe; Western Europe,Contract Manufacturer,N/A,N/A,"Komen 129a, 6223, Komen, Slovenia",marketing@biostile.si,N/A,N/A,https://www.ingredientsnetwork.com/biostile-d-o-o-comp307397.html
Maypro Industries,"When Maypro was founded in 1977 by the Japanese entrepreneur Steve Yamada, it was a small company with a big vision — to improve human health and happiness by importing the best-quality nutraceutical ingredients and fine chemicals to the US market f...",N/A,N/A,N/A,N/A,2975 Westchester Avenue,isabel.elias@maypro.com,+1 9142510701,https://www.maypro.com,https://www.ingredientsnetwork.com/maypro-industries-comp271790.html
Elephant Pharma,"Elephant Pharma is among the leading companies in the field of dietary/food supplement manufacturing services, sales and marketing of dietary/food supplements under our own brand Strong Nature®. We are also one of the leading suppliers of empty hard...",Africa; Eastern Europe; Middle East; Western Europe,Manufacturer: Finished Food Products,N/A,N/A,"Prhovacka ulica 157,, Šimanovci, Serbia",vladimir.mirovic@elephant.co.rs,N/A,N/A,https://www.ingredientsnetwork.com/elephant-pharma-comp325998.html
Ingreland Limited,"Welcome to Ingreland's world! With over two decades of expertise, Ingreland stands at the forefront of the food and nutrition ingredients sector, serving as a vital bridge between over 500 esteemed suppliers and a diverse customer base through a com...",N/A,Distributor,N/A,N/A,"A412-413, Bldg. 1, No. 3398 Sanlu Road, Minhang District, Shanghai 201112, China, China",daisy.he@ingreland.com,86-21-6420 0901,N/A,https://www.ingredientsnetwork.com/ingreland-limited-comp313085.html
ALLIANCE,"Discover Our Latest Innovations at FI India At FI India, ALLIANCE is proud to present a wide range of high-quality ingredients designed to meet the evolving needs of the food and allied industries. Our portfolio includes flavors, sweeteners, preserv...",Asia,Distributor,N/A,N/A,"#102, Labh Sarita, Opp. Manek Nagar, M. G. Road, Kandivali (W),, Mumbai, India",admin@allianceindia.co,022- 28013855,N/A,https://www.ingredientsnetwork.com/alliance-comp250643.html
Anona GMBH,We develop and produce food products with passion and conviction. For athletes and active people who like to eat a modern and healthy diet. For our customers who aim to win over consumers with nutritional foods and ice cream products. And for our em...,N/A,N/A,N/A,N/A,"Mühlgasse 3, D-04680, Colditz, Germany",N/A,N/A,https://www.anona.de,https://www.ingredientsnetwork.com/anona-gmbh-comp307378.html
A/S Crispy Food International,Crispy Food is Denmark's largest producer of breakfast cereals and is a merger between Nakskov Mill Foods A/S and Crispy Food A/S. Together we have more than 100 years of experience in producing and marketing breakfast cereals for Brand Owners and P...,N/A,N/A,N/A,N/A,",,, 4281, Gørlev, Denmark",nvj@crispyfood.com,+45 58 87 05 00,https://www.crispyfood.com,https://www.ingredientsnetwork.com/a-s-crispy-food-international-comp314746.html
Berlin Packaging,"Berlin Packaging Netherlands B.V. is the Dutch operating company of Berlin Packaging, the World's largest Hybrid Packaging Supplier® of glass, plastic and metal containers and closures. With 100+ years in the packaging industry, 2.200+ packaging pro...",N/A,N/A,N/A,N/A,"Bijsterhuizen 2401, 6604LK, Wijchen, Netherlands",N/A,N/A,https://www.berlinpackaging.nl,https://www.ingredientsnetwork.com/berlin-packaging-comp307388.html
"Eightjuice - Laboratrio Nutracutico, Lda","The Eightjuice group was funded in 1998 acting in different markets. Our clients operate in different business areas witch include herbalist shops, pharmacy, para-pharmacy, sports, clinics and food chains, among others. Currently the group is divide...",N/A,N/A,N/A,N/A,"Rua Rodrigo Sarmento Beires, n 15, 2840-068, Seixal, Portugal",N/A,N/A,https://www.eightjuice.pt/229-2/,https://www.ingredientsnetwork.com/eightjuice-laboratrio-nutracutico-lda-comp307434.html
EXIM PHARMA Sp. z o.o.,"Exim Pharma is a dynamically growing Polish company that provides comprehensive services in the field of development, registration and production of dietary supplements, foodstuff, nutrients. Preparations are made on the basis of our own recipes or...",Africa; Asia; Eastern Europe; Middle East; Western Europe,Contract Manufacturer,N/A,N/A,"Ogrodowa 37/50, 873, Warszawa, Poland",natalia.krasnodebska@eximpharma.eu,48605842836,https://www.eximpharma.eu/,https://www.ingredientsnetwork.com/exim-pharma-sp-z-o-o-comp312499.html
"Indokemika Jayatama, PT","For over a decade, Indokemika has been the prime supplier of chemicals to various industries in Indonesia. With extensive business networks, comprehensive product portfolios and firm backing from leading chemical producers around the world, we have ...",Asia,Distributor,N/A,N/A,"Wisma UIC Lantai 3,",ripin@indokemika.co.id,+62 215222172,N/A,https://www.ingredientsnetwork.com/indokemika-jayatama-pt-comp254963.html
"INFOARK INTERNATIONAL CO.,LTD.","Infoark, founded in 2003, is one of the top suppliers for APIs, Intermediates, Food & Feed additives, finished pharmaceutical formulation and healthcare products in China. Our comprehensive business involves: Importing, Exporting, R&D, OEM and Joint...",N/A,Import / Export Services,N/A,N/A,"RM.810, NEW LAND PLAZA",dingyage@infoark.com.cn,010-51668333,https://www.infoark.com.cn,https://www.ingredientsnetwork.com/infoark-international-co-ltd-comp296055.html
KeyPharm Laboratories,"KeyPharm Laboratories helps people live consciously and healthily with natural food supplements, superfoods, aromatherapy, and sports nutrition. Developed in Belgium, our formulas blend scientific innovation with 100% natural ingredients to deliver ...",N/A,Manufacturer: Finished Food Products,N/A,N/A,"Siemenslaan 11, 8020, Oostkamp, Belgium",keypharm@keypharm.com,N/A,https://www.keypharm.com/,https://www.ingredientsnetwork.com/keypharm-laboratories-comp312806.html
LEHVOSS Group,"Lehmann&Voss&Co. is a chemical company and has been marketing chemical and mineral specialties to industrial customers for more than 125 years. Founded in 1894 as a trading company in Hamburg, our company has developed into a high-performance, appli...",N/A,N/A,N/A,N/A,"Alsterufer 19, 20354, Hamburg, Germany",info@lehvoss.de,+49 40 44197-0,https://www.lehvoss.com,https://www.ingredientsnetwork.com/lehvoss-group-comp322395.html
MATRADE - Malaysia External Trade Dev,"MATRADE is represented worldwide at 40 locations in major commercial cities. In Europe, MATRADE runs offices in Frankfurt, London, Paris, Milan, The Hague, Istanbul, Budapest, Warsaw, Kiev and Moscow. As a global trading nation, Malaysian business c...",Africa; Asia; Australia; Central/South America; Eastern Europe; Middle East; Western Europe,Government /Pavilion Organiser /Trade Association,N/A,N/A,Jalan Suktan Ahmad Shah,info@matrdae.gov.my,+603 60917420,https://www.matrade.gov.my,https://www.ingredientsnetwork.com/matrade-malaysia-external-trade-dev-comp295289.html
NATRA,"Worldwide Preferred Independent European Chocolatiers. We are the independent chocolatiers preferred for retailers and top brands around the world. Our factories in Belgium, France, Spain and Canada supply top-quality chocolate and the best cocoa in...",N/A,N/A,N/A,N/A,"Autovia A3, Salida 343",N/A,N/A,https://www.natra.es,https://www.ingredientsnetwork.com/natra-comp326197.html
NDC Exports ( Pvt ) Ltd,"Birthed in the year 2002, we have established ourselves as one of the leading Coconut product suppliers in Sri Lanka, reaching to you under the brand name “Cocomate” of NDC Exports. Based at the heart of the Coconut Triangle of Sri Lanka – our sourc...",N/A,N/A,N/A,N/A,"Nadalagamuwa, Wadumunnegedar, Pannala, Sri Lanka, 60204, Pannala, Sri Lanka",N/A,+94777713677,https://www.cocomate.com,https://www.ingredientsnetwork.com/ndc-exports-pvt-ltd-comp304736.html
NOVELTY PHARMA GDD SA,"Established in 2001 with the objective to become a market leader and solution provider in effervescent technology for the efficient delivery of novel healthcare and nutraceutical products. Headquartered in Lugano, Switzerland, Novelty Pharma has foc...",N/A,N/A,N/A,N/A,Via Al Mulino,N/A,N/A,https://www.noveltypharma.com,https://www.ingredientsnetwork.com/novelty-pharma-gdd-sa-comp312646.html
Productos Aditivos S.A.,"Productos Aditivos was founded in 1929 in Barcelona, as a producer of saccharin and chloroform. Soon after the company started to evolve into what it is today: the sole European producer of saccharin and cyclamate, being the preferred partner for a ...",N/A,N/A,N/A,N/A,"Avda. La Ferrería, 40",N/A,N/A,https://www.productosaditivos.com,https://www.ingredientsnetwork.com/productos-aditivos-s-a-comp309058.html
ROYAL INGREDIENTS GROUP,"We are Royal Ingredients Group, a leading global supplier of ingredients for food and non-food applications. We offer a broad range of products such as proteins, starches, fibers, sweeteners and various co-products that offer high nutritional value ...",N/A,N/A,N/A,N/A,"Noorderstraat 1C, 1823 CS, ALKMAAR, Netherlands",N/A,N/A,https://www.royal-ingredients.com,https://www.ingredientsnetwork.com/royal-ingredients-group-comp478831.html
Thanma GmbH,"Thanma GmbH was founded in 2018 by the three brothers Thomas, Andreas and Markus Mayer. After searching for great products all over the world, we found a perfect product area for us, juice powder. Juice powders have many advantages compared to whole...",N/A,N/A,N/A,N/A,"Aich 3, 83379, Wonneberg, Germany",N/A,N/A,https://www.thanma.de,https://www.ingredientsnetwork.com/thanma-gmbh-comp307613.html
ACT Capsules GmbH,"Guang De Li (GDL) Capsule Company was established in Taiwan in 1982 , adopting self-developed machines and technologies to manufacture high quality, empty two-piece hard capsules. With three manufacturing plants located in Taiwan, Shanghai, Guizhou ...",N/A,N/A,N/A,N/A,"Herrenpfad-Süd 9,, 41334, Nettetal, Germany",N/A,N/A,https://www.gdlcap.com,https://www.ingredientsnetwork.com/act-capsules-gmbh-comp475333.html
Altaquimica S.A.,Altaquímica was founded in 1959 as a distribution company of raw materials for the pharmaceutical sector. The constant dedication and successful management of the relationship with customers and suppliers allowed the new company to consolidate and i...,Western Europe,Raw Material Supplier,N/A,N/A,"Casp 86, 08010, Barcelona, Spain",j.monleon@altaquimica.com,N/A,https://www.altaquimica.com,https://www.ingredientsnetwork.com/altaquimica-s-a-comp326227.html
"Liaoning Kexin Biotechnology Co.,Ltd","Quantum Ingredient SARL is a leading manufacturer&distributor of dietary supplement ingredients. We specialize in the production of high-quality ingredients including L-carnitine, BHB(Beta Hydroxybutyrate), L-theanine. etc that support a healthy lif...",N/A,Manufacturer: Ingredients / Additives,N/A,N/A,"Liaoning Kexin Biotechnology Co.,Ltd, Dalian, China",jay@quantumingredient.com,15021212471,N/A,https://www.ingredientsnetwork.com/liaoning-kexin-biotechnology-co-ltd-comp312919.html
Qingdao Qingmei Biotech Co Ltd,"QINGDAO QINGMEI BIOTECH CO., LTD (hereinafter referred to as Qingmei) is a specialized pharmaceutical company, which is to expand international business and strategic cooperation with suppliers. The company is located in the beautiful coastal city o...",Africa; Asia; Australia; Central/South America; Eastern Europe; Middle East; North America; Western Europe,Distributor,N/A,N/A,"RM1105, Hoye Center, No,47 Heilongjiang South Rd, 266033, Qingdao, China",dennis@qingmeibio.com,N/A,N/A,https://www.ingredientsnetwork.com/qingdao-qingmei-biotech-co-ltd-comp326167.html
"REINDEER BIOTECH CO.,LTD","REINDEER BIOTECH CO.,LTD, established in 2007, is one of important manufacturer and suppliers for raw material for Nutraceuticals, Pharma, Cosmetic and food industry in China. Since its establishment, we has independently developed and produced vari...",Asia; Eastern Europe; North America; Western Europe,Raw Material Supplier,N/A,N/A,"Room 2908, Hualing New City Landmark,",sales@reindeerbiotech.cn,86-0731-85669416,N/A,https://www.ingredientsnetwork.com/reindeer-biotech-co-ltd-comp313938.html
"Seebio Biotech (Shanghai) Co., Ltd.","Seebio Biotech (Shanghai) Co., Ltd., stands out as one of the top suppliers of Vitamin K2 (menaquinone). Founded in 2003, Seebio initially focused on being a local manufacturer of IVD raw materials. In early 2021, Seebio entered a pivotal phase of g...",N/A,N/A,N/A,N/A,"11#-502, Lane 299, Bisheng Rd",N/A,N/A,https://www.cxbio.com,https://www.ingredientsnetwork.com/seebio-biotech-shanghai-co-ltd-comp319642.html
"Xi'an Healthful Biotechnology Co., Ltd","As a high-tech biotechnology company based on R&D and innovation, HSF has integrated and optimized Oil Esterification and Molecular Distillation Technique, High efficiency separation technology, Functional factor microencapsulation technology, Direc...",N/A,N/A,N/A,N/A,"Floor 8, Huihang Plaza, Hang Tuo road,",N/A,N/A,https://www.healthfulbio.com,https://www.ingredientsnetwork.com/xi-an-healthful-biotechnology-co-ltd-comp313998.html
Xi'an Yuensun Biological Technology Comp,"Yesherb is a famous brand focus on natural botanical ingredients. It belongs to the manufacturer named Lifewe Bioengineering, which is an innovative high-tech enterprise integrating R&D, production and committed to providing the ingredients in the f...",N/A,N/A,N/A,N/A,"No.18 Zone C, Pioneering R&d Park",howey@yesherb.com,86-29-81024172,https://www.yuensunshine.com,https://www.ingredientsnetwork.com/xi-an-yuensun-biological-technology-comp-comp313310.html
Simply You Pharmaceuticals a.s.,"Simply You Pharmaceuticals a.s. is a producer of unique nutraceutical and pharma-cosmetic products with significant competitive advantages, since 2010 with strategic orientation to penetrate in medical devices market segment on domestic and export m...",N/A,N/A,N/A,N/A,"Rohácova 188/37, 130 00, Praha 3, Czech Republic",N/A,N/A,https://www.simply-you.eu,https://www.ingredientsnetwork.com/simply-you-pharmaceuticals-a-s-comp324288.html
Indus Biotech Limited,"Founded in 1995, Indus Biotech is a pioneer in deriving science based dietary ingredients from food chain raw materials through revolutionary patented technology. Our raw materials are sourced from verified and validated suppliers. We take ownership...",N/A,N/A,N/A,N/A,"1 Rahul Residency,",info@indusbiotech.com,+91 8378929851,N/A,https://www.ingredientsnetwork.com/indus-biotech-limited-comp306246.html
"Changzhou Cognis Chemical Co., Ltd.","We are one of the largest distributors of food additives and ingredients in China. As we have built strong cooperative relationship with our suppliers, high-quality products with good price can be provided to our customers in worldwide. We are profe...",N/A,N/A,N/A,N/A,"Room 1408, Building 5, Changfa Commercial Square, Xinbei District, Changzhou City, China",michael@cognis-chem.com,13955018318,N/A,https://www.ingredientsnetwork.com/changzhou-cognis-chemical-co-ltd-comp319471.html
ALLYWE BIO-TECHNOLOGY HEBEI CO LTD,"Allywe Bio-Technology Hebei Co., Ltd. is founded in Shijiazhuang City, Hebei Province, and it provides one-stop supply-chain services of food additives, feed additives, sweeteners and pharmaceutical raw materials to customers around the world. We se...",N/A,N/A,N/A,N/A,"Room 201,Unit 2, Building 8th,",tyler@allywe.com,N/A,N/A,https://www.ingredientsnetwork.com/allywe-bio-technology-hebei-co-ltd-comp316475.html
ANKA SPRAY KURUTUCU PROSES MAKINE A.S.,"Our company is a leading manufacturer of machinery, plants and complete processing lines for various industrial sectors, and one of the largest suppliers of technology for the food processing industry and for a wide range of other process industries...",N/A,N/A,N/A,N/A,Antakya OSB Senbuk Mh. 9 No.lu,N/A,N/A,N/A,https://www.ingredientsnetwork.com/anka-spray-kurutucu-proses-makine-a-s-comp476711.html
"Bronson and Jacobs International Co., Ltd.",With extensive industry experience and global reach our qualified team of professionals are able to bring you comprehensive assistance across our product range and your application categories. Together with our world leading principals we aim to del...,Africa; Asia; Australia; Central/South America; Eastern Europe; Middle East; North America; Western Europe,N/A,N/A,N/A,"4/11 Moo 8. Soi Watsrivareenoi,, Bangplee, Thailand",sira@bjinter.co.th; thanattha@bjinter.co.th; noppamol@bjinter.co.th,+62 215399358,N/A,https://www.ingredientsnetwork.com/bronson-and-jacobs-international-co-ltd-comp256411.html
Cellmark,"CellMark is a privately-owned, independent marketing and supply chain services company providing products, services and solutions to customers and suppliers all over the world. We facilitate trade and business development across multiple industries ...",Asia; Eastern Europe; Middle East; North America; Western Europe,Distributor,N/A,N/A,"Peter-Müller-Straße 14a, 40468, Duesseldorf, Germany",alexander.elo@cellmark.com,N/A,N/A,https://www.ingredientsnetwork.com/cellmark-comp309035.html
CITROMIL S.L.,"Citromil is a family business, created in 1991 by the Vilaplana Perez family. At present, the second generation is in charge. Our activity has been very closely linked to lemons since its beginnings, and our plant location in Murcia, the heart of th...",N/A,N/A,N/A,N/A,"Carretera de Abanilla, 30140, Santomera, Spain",marketing@citromil.net,N/A,N/A,https://www.ingredientsnetwork.com/citromil-s-l-comp323602.html
KENDY LTD,"Kendy Pharma is a leading company with long tradition in the development, production and marketing of food supplements. Established in 1992, the company has state-of–the-art technical equipment for production. Kendy Pharma invests in the entire cycl...",N/A,N/A,N/A,N/A,"101 Sofia Str., 1320, Bankya, Bulgaria",N/A,N/A,N/A,https://www.ingredientsnetwork.com/kendy-ltd-comp307493.html
Pure Gelatine (pvt) Ltd.,"At Pure Gelatine, we take pride in producing high-quality gelatine that meets the highest standards of purity, potency, and performance. Our gelatine is derived from carefully selected animal skin and bones, sourced from trusted suppliers who adhere...",N/A,N/A,N/A,N/A,"OPPOSITE 15 E, JAN MUHMMAD ROAD,",N/A,N/A,N/A,https://www.ingredientsnetwork.com/pure-gelatine-pvt-ltd-comp477070.html
Qemetica S.A.,"QEMETICA is a Polish-owned international chemical group with a strong position in global markets. It is one of the largest producers and suppliers of key chemical raw materials in Europe. Its products are used across multiple industries, including c...",N/A,N/A,N/A,N/A,"Wspólna 62, 00-684, Warszawa, Poland",N/A,N/A,N/A,https://www.ingredientsnetwork.com/qemetica-s-a-comp478825.html
Sensapharm d.o.o.,"We are an innovative Croatian manufacturer, and our activities are based on dietary supplements and natural cosmetics. After many years of experience in the country and abroad, a team of people gathered in one place with the desire to promote a bett...",N/A,N/A,N/A,N/A,"Vladimira Nazora 25, 10292, Donji Laduc, Croatia",N/A,N/A,N/A,https://www.ingredientsnetwork.com/sensapharm-d-o-o-comp475697.html
SE Tylose GmbH & Co KG (Shin-Etsu),"SE Tylose is based in Wiesbaden, Germany, producing approximately 65.000 tons of cellulose ether annually and is one of the world's most important cellulose ether suppliers. The renewable primary raw material cellulose from wood and cotton linters i...",Africa; Central/South America; Eastern Europe; Middle East; North America; Western Europe,Manufacturer: Ingredients / Additives,N/A,N/A,SE Tylose GmbH & Co.KG,contact@setylose.com,0049-611-962-6269,N/A,https://www.ingredientsnetwork.com/se-tylose-gmbh-co-kg-shin-etsu-comp308616.html
"Shaanxi Jiuyuan Biotechnology Co., Ltd.","Shaanxi Jiuyuan Biotechnology Co., Ltd. is a modern high-tech enterprise integrating the research and development, production and sales of plant extract , fruit and vegetable powder, as well as the important production suppliers of plant extract ind...",Africa; Asia; Australia; Central/South America; Eastern Europe; Middle East; North America; Western Europe,Manufacturer: Ingredients / Additives,N/A,N/A,"Room 2608, South Building C, 710065, Shaanxi, China",ruby@jiuybiotech.com,86-29-83294060,N/A,https://www.ingredientsnetwork.com/shaanxi-jiuyuan-biotechnology-co-ltd-comp312915.html
"Spinaca Farms, Inc.","Spinaca Farms grows, packs, and procures both conventional and certified organic produce for the fresh market. We've also launched our Root-to-Shoot program, which leverages our modern food production system by turning beneficial but overlooked part...",N/A,N/A,N/A,N/A,275 Tennant Avenue,N/A,N/A,N/A,https://www.ingredientsnetwork.com/spinaca-farms-inc-comp307597.html
TAB ILAC SAN. A.S.,"Our company, based in Istanbul, was founded in 2011 by Aytekin Pahsa, who has years of prior experience in the Nutraceuticals sector. TAB Nutraceuticals, which is growing rapidly in Turkey, opened its new GMP compliant facility in 2020, with the aim...",N/A,N/A,N/A,N/A,Akcaburgaz Mahallesi,N/A,N/A,N/A,https://www.ingredientsnetwork.com/tab-ilac-san-a-s-comp307608.html
"BIOFACTORIA NATURAE ET SALUS, S.A.","Biofactoria Naturae was born in 2013 with a very clear mission: “To improve people's health thanks to the elaboration of 100% natural products, of quality and within everyone's reach”. The Aloe Vera we use comes from our own organic plantations in A...",N/A,N/A,N/A,N/A,"Av. del euro 24 - Parc. 8, 47009, Valladolid, Spain",N/A,N/A,N/A,https://www.ingredientsnetwork.com/biofactoria-naturae-et-salus-s-a-comp326134.html
"Yuxing Biotechnology(Group)Co.,Ltd.","Anhui Yuxin Biotechnology Co., Ltd. located near the beautiful swan lake of Hefei, is a new type of sales service company mainly engaging in research, development and selling of feed additives, food additives, plant extracts and dietary supplements,...",N/A,N/A,N/A,N/A,"Xicheng District, Ningjin County Hebei, 055550, Xintai, China",N/A,86-15833703548,N/A,https://www.ingredientsnetwork.com/yuxing-biotechnology-group-co-ltd-comp309655.html
Contract Pharma Solutions,"Contract Pharma Solutions is ISO (22000:2018, 13485:2016) and GMP certified contract manufacturing and packaging company of food supplements, neutraceuticals, cosmetics and medical devices - Our range of services comprises of: · - assistance in desi...",N/A,N/A,N/A,N/A,"Bijunu g. 30, LT-53267, Garliava, Lithuania",N/A,N/A,N/A,https://www.ingredientsnetwork.com/contract-pharma-solutions-comp324227.html
FINACARE S.A.S. (Naturacare Group),"With several decades of experience, the Naturacare group is dedicated, thanks to the experience of these 3 entities, to the design, production and packaging of food supplements promoting the improvement of human and animal health. The choice of ingr...",N/A,N/A,N/A,N/A,"Zone Industrialle les landes Roussais, Montaigu, France",N/A,N/A,N/A,https://www.ingredientsnetwork.com/finacare-s-a-s-naturacare-group-comp307529.html
BE-SUP,"Be-sup is the officially recognized professional federation of and for the Belgian food supplement industry. Be-sup wants to defend the credibility and image of food supplements and support confidence in safe, high-quality products. Our more than 16...",N/A,N/A,N/A,N/A,"Oude Vijversstraat 40, 1190, VORST, Belgium",N/A,N/A,N/A,https://www.ingredientsnetwork.com/be-sup-comp326544.html
IMCD India Private Limited,"With over two decades of experience as a distributor of specialty food ingredients and flavours for the world`s leading manufacturers and formulators, IMCD helps brands to anticipate and respond to consumer trends in the food and beverage market. Ou...",Africa; Asia; Australia; Central/South America; Eastern Europe; Middle East; North America; Western Europe,Distributor,N/A,N/A,"1402- Crescenzo Bldg, C 38/39,",niveda.bhadgaonkar@imcd.in,022- 61460903,N/A,https://www.ingredientsnetwork.com/imcd-india-private-limited-comp269072.html
"Pure Chemicals Co.,Ltd.","We, Pure chemicals Company Limited was established in 1973. We are one of the leading companies in Thailand who imported food and supplement ingredients, color, flavor, fragrance, etc. from many countries such as Korean, India, China, Europe, etc. W...",Africa; Asia; Australia; Central/South America; Eastern Europe; Middle East; North America; Western Europe,Distributor,N/A,N/A,"5 Soi Huamark 7,Huamark,, Bangkapi, Thailand",joe@purechemicals.com,+662 378 4229,N/A,https://www.ingredientsnetwork.com/pure-chemicals-co-ltd-comp266945.html
Aromatic & Allied Chemicals Pvt Ltd,"Aromatic & Allied is a family owned business since 1977. AAC are pioneers in Farming - both conventional and organic and manufacturing of Essential Oils, Mint Oils, Menthol, Herbs, Herbal Extracts, Oleoresins, Carrier Oils and Spice Oils. The compan...",Asia; Australia; Central/South America; Eastern Europe; Middle East; North America; Western Europe,Manufacturer: Ingredients / Additives,N/A,N/A,"B-8, Industrial Estate, C B Ganj,, Bareilly, India",sales@aromaticandallied.com,N/A,N/A,https://www.ingredientsnetwork.com/aromatic-allied-chemicals-pvt-ltd-comp323592.html
"CellMark Korea Co., Ltd","CellMark is a privately-owned, independent marketing and supply chain services company providing products, services and solutions to customers and suppliers all over the world. We facilitate trade and business development across multiple industries ...",Asia; Australia; Eastern Europe; North America; Western Europe,Distributor,N/A,N/A,"7F, Tower8, Jongro 5 gil, 7, Jongro-gu, Seoul, Korea, Republic of",hyoungjun.ahn@cellmark.com,N/A,N/A,https://www.ingredientsnetwork.com/cellmark-korea-co-ltd-comp326337.html
Horti Green Foods Pvt Ltd,"Horti Green Foods Pvt. Ltd., specialising in premium fruit juice concentrates like Lemon Juice Concentrates and Orange Juice Concentrates. With over two decades in the food industry, we combine traditional expertise and modern technology, utilising ...",N/A,Manufacturer: Ingredients / Additives,N/A,N/A,"16B-17-18, Pushpa Leela Nagar, Eluru,, West Godavai, India",info@hortigreenfoods.com,N/A,N/A,https://www.ingredientsnetwork.com/horti-green-foods-pvt-ltd-comp475326.html
Nikeon Corporation,"Established in 1985, Nikeon Corporation is one of the leading Importer, Exporter & Supplier of Amino Acids, Sweeteners, Excipients, APIs, Solvents and other chemicals in India. Being in this business for last 35 years, we take extreme care with rega...",N/A,Distributor,N/A,N/A,"D-506, Neelkanth Business PArk, Behind Bus Depot, Vidhyavihar West, Mumbai, India",nikeoncorp@gmail.com,022- 66108084,N/A,https://www.ingredientsnetwork.com/nikeon-corporation-comp282332.html
Brenntag Ingredients (India) Private Limited,"As a global market leader in food ingredient distribution with a strong infrastructure in 73 countries, we are engrained in the local culture & business. Our shared experience, market knowledge and technical application expertise enable our business...",Africa; Asia; Australia; Central/South America; Eastern Europe; Middle East; North America; Western Europe,Distributor; Manufacturer: Ingredients / Additives,N/A,N/A,"Ackruti Centre Point,",ramkumar.ps@brenntag-asia.com,022- 42482100,N/A,https://www.ingredientsnetwork.com/brenntag-ingredients-india-private-limited-comp271875.html
Nutrano Foods LLP,"Nutrano Foods LLP- located in Mumbai, has been associated in the field of Importing and exporting various food ingredients since 2014. Our organization primarily specialize in client directed business whereby we tend to cater quality service and co...",Asia; Eastern Europe; Middle East; North America; Western Europe,Import / Export Services,N/A,N/A,"615-Neelkanth Corporate Park, Kirol Road, Vidhyavihar West,, Mumbai, India",info@nutrano.in,N/A,N/A,https://www.ingredientsnetwork.com/nutrano-foods-llp-comp305037.html
"Sree International Indonesia, PT","Established in 2004, Tradeasia is a rapidly growing supply chain company which provides industrial raw materials. Headquartered in Singapore, Tradeasia also operates in 9 Asian countries as our trading hubs. We have a vast portfolio and distribute t...",Africa; Asia; Australia; Central/South America; Eastern Europe; Middle East; North America; Western Europe,Import / Export Services,N/A,N/A,"Gedung Sopo Del Office Tower & Lifestyle B Lt.9 Jl. Mega Kuningan Barat III, Lot 10 1-6  Kuningan Timur, Setia Budi, Kota Adm. Jakarta Selatan,, Jakarta, Indonesia",Food@chemtradeasia.com,62 21 50806560,N/A,https://www.ingredientsnetwork.com/sree-international-indonesia-pt-comp306100.html
Ingredients Network & Finished Products Network,Ingredients Network & Finished Products Network are the world's premier directory platforms connecting buyers and suppliers across the food and nutraceutical industries. We empower businesses to find exactly what they need through our comprehensive ...,Africa; Asia; Australia; Central/South America; Eastern Europe; North America; Western Europe,Government /Pavilion Organiser /Trade Association,N/A,N/A,"WTC, Tower 10 – 7th Floor, Strawinskylaan 763, 1077 XX, Amsterdam, Netherlands",N/A,+31(0)20 245 5355,https://www.ingredientsnetwork.com,https://www.ingredientsnetwork.com/ingredients-network-finished-products-network-comp256637.html
Terheggen & Dethlefsen Food Engineering GmbH,"Terheggen & Dethlefsen , located in Hamburg, Germany develops customised exclusive food products. Since its foundation in 1929 we are known for producing easy to handle dry mixtures including spices, herbs and functional ingredients. Our customers ...",Eastern Europe; Western Europe,"Contract Manufacturer; Food Safety, Quality and Service; Manufacturer: Finished Food Products",N/A,N/A,"Ottenser Str. 130, D-22525, Hamburg, Germany",info@terheggen-dethlefsen.de,+49 40 54 77 93 0,https://www.terheggen-dethlefsen.de,https://www.ingredientsnetwork.com/terheggen-dethlefsen-food-engineering-gmbh-comp267864.html
Cien por cien natural SL,"After more than 20 years of research and development focused on delivering products of the highest quality, our brand has established itself as a quality leader in the nutraceutical sector in Spain. We adhere to the highest standards in ingredient s...",Eastern Europe; Western Europe,Distributor,N/A,N/A,"Calle de Gabriela Mistral, 28035, Madrid, Spain",export@cienporciennatural.com,N/A,https://en.cienporciennatural.com/,https://www.ingredientsnetwork.com/cien-por-cien-natural-sl-comp326243.html
ALCHIMICA s.r.o.,"We have been distributing fine stoos as well as pharmaceutical, food, nutraceuticals, cosmetics and animal feed ingredients since 1996. The stoos important to us: this is why we offer more than 60,000 substances for scientific, research and develop...",Asia; Australia; Central/South America; Eastern Europe; Middle East; North America; Western Europe,Raw Material Supplier,N/A,N/A,"Národní obrany 45, 160 00, Praha 6, Czech Republic",food@alchimica.cz,N/A,N/A,https://www.ingredientsnetwork.com/alchimica-s-r-o-comp307370.html
F&F Group,"F&F WE.KNOW.DAIRY.BV is specialized in the global trade of high-quality dairy ingredients. Leveraging our extensive network within the European dairy industry, we deliver more than products: we provide expertise, reliability and tailored solutions. ...",Asia; Central/South America; Eastern Europe; Western Europe,Raw Material Supplier,N/A,N/A,"Woudenbergseweg19C2, 3707 HW, Zeist, Netherlands",N/A,0031-343-513696,https://www.ffweknowdairy.com,https://www.ingredientsnetwork.com/f-f-group-comp323851.html
AROMATUM,"Created in 2012, Aromatum is a French company specialized in the sourcing and import-export of spices and essential oils. Its quality of expertise and its sense of know-how have enabled it to establish contacts with customers and suppliers on all co...",N/A,N/A,N/A,N/A,"20 RUE DE LA PAROISSE, 78000, france, France",N/A,N/A,N/A,https://www.ingredientsnetwork.com/aromatum-comp475587.html
Brenntag Animal Nutrition,Brenntag is the global market leader in chemicals and ingredients distribution. We hold a central role in connecting customers and suppliers of the chemical industry. Our expertise in both Animal and Human Nutrition has allowed us to develop highly ...,N/A,Manufacturer: Ingredients / Additives,N/A,N/A,"Messeallee 11, 45131, Essen, Germany",N/A,+351 914328108,https://www.brenntag.com/,https://www.ingredientsnetwork.com/brenntag-animal-nutrition-comp323136.html
Certified Food Products,"We connect Turkey's top-quality food producers with European buyers. With deep expertise in both markets, our experienced team offers a diverse range of high-quality products sourced from trusted suppliers. We ensure excellence in production, packag...",Eastern Europe; Western Europe,Distributor,N/A,N/A,"Adalet Mah. Manas Bul. Folkart Towers , No: 47 B Iç Kapi No:, 3509, Bayrakli / Izmir, Türkiye",N/A,00905327311974,https://www.certified.com.tr,https://www.ingredientsnetwork.com/certified-food-products-comp324725.html
EMIGA,"SINCE 1926… EMIGA has specialised in natural gums, resins and botanicals, sourced from premiere suppliers all over the world. Backed by more than 90 years of experience and expertise in natural gums and resins. EMIGA offers a wide range of natural r...",N/A,N/A,N/A,N/A,"LOT 152 Z.I Avon, 13120, Gardanne, France",N/A,N/A,N/A,https://www.ingredientsnetwork.com/emiga-comp306742.html
Greenfields Ireland Limited,Greenfields Ireland Limited specialises in sourcing and selling high quality dairy ingredients to national and international customers. The company was founded in 1982 as a joint venture company between the Northern Irish Milk Marketing Board and th...,N/A,N/A,N/A,N/A,Greenfields House,N/A,N/A,N/A,https://www.ingredientsnetwork.com/greenfields-ireland-limited-comp475522.html
IQI Trusted Petfood Ingredients,"Our company was created with the aspiration to supply premium ingredients to the pet food industry. We turned this into a key specialisation through the global sourcing of pure products, transparency of the supply chain and establishing long-term pa...",Australia; Eastern Europe; North America; Western Europe,Distributor,N/A,N/A,"Smallepad 32, 3811 MG, Amersfoort, Netherlands",N/A,+31 850 185 400,N/A,https://www.ingredientsnetwork.com/iqi-trusted-petfood-ingredients-comp322416.html
KEMI- PINE ROSINS,"OUR MISSION Roadmap starts with our mission, which is persistent. It proclaims our purpose as a company and works as the standard against which we considered our engagements and decisions. Provide a state-of-the-art high performance rosin and terpen...",N/A,N/A,N/A,N/A,"Zona Industrial de Cantanhede - Lote 122,, 3060-197, CANTANHEDE, Portugal",N/A,N/A,N/A,https://www.ingredientsnetwork.com/kemi-pine-rosins-comp328357.html
Nutramont Europe GmbH,"Nutramont is a leading supplier of health & wellness ingredients for food, supplement, cosmetic and pharmaceutical industries in the global market. With a decade of experience in supply chain, we provide integrated ingredients solutions to add the v...",N/A,N/A,N/A,N/A,"Senefelder Ring 34, 21465, Reinbek, Germany",N/A,N/A,N/A,https://www.ingredientsnetwork.com/nutramont-europe-gmbh-comp326201.html
"QINGDAO AHEAD TECHNOLOGY CO.,LTD","Ahead was established in 2016. Ahead Integrates development, manufacturing in-house and sale. Since2016, our company has always focused on research, development and innovation. Now, we have involved in Super Food and have become one of the leading m...",N/A,N/A,N/A,N/A,"No.2 Lushan Road, Huangdao District, Qingdao, 2665000, Shandong, China",N/A,N/A,N/A,https://www.ingredientsnetwork.com/qingdao-ahead-technology-co-ltd-comp323586.html
Ramagums Pvt Ltd,"We are the largest manufacturers and suppliers of Guar Gum powder and Guar Gum Splits in Gujarat, India. We here at Rama Industries give great importance to Quality. Packaging of Guar Gum is done in such a way that it preserves the highly delicate p...",N/A,N/A,N/A,N/A,"R.S.NO. 125,",N/A,+91 98250 47093,N/A,https://www.ingredientsnetwork.com/ramagums-pvt-ltd-comp304737.html
1-2-Taste,"1-2-Taste – The online marketplace for food ingredients 1-2-Taste is the world's first digital marketplace connecting food manufacturers with trusted ingredient suppliers. We make it simple for buyers to discover, compare, and source high-quality i...",Asia; Eastern Europe; Western Europe,Distributor,N/A,N/A,"Archipelstraat 285, 6524 LM, Nijmegen, Netherlands",N/A,+31624247711,https://www.12taste.com/,https://www.ingredientsnetwork.com/1-2-taste-comp296460.html
Foreign Domestic Chemicals,"As the leading suppliers of Tara (Caesalpinea Spinosa), Foreign Domestic Chemicals and Exportadora El Sol have been supplying Tara products to manufacturers in the food, pharmaceutical, leather, cosmetic industries for over 60 years. We are proud of...",N/A,N/A,N/A,N/A,"3 Post Road, NJ 07436, OAKLAND, United States",N/A,+1 2016519700,N/A,https://www.ingredientsnetwork.com/foreign-domestic-chemicals-comp253076.html
Polypan Group,"Since 1980, We provide innovative and high-quality products and services to our customers, 30 years now. We pride ourselves on our wide range of products and applications, on our extensive knowledge and experience of our customer's needs and our com...",N/A,N/A,N/A,N/A,"Kiprou 5 & Lefkados 2b, 18346, Moschato, Greece",N/A,6947561908,N/A,https://www.ingredientsnetwork.com/polypan-group-comp304716.html
"Qingdao Lulin Processed Vegetable Co.,Ltd.","Qingdao Lulin Processed Vegetable Co., Ltd. is a professional manufactory specializing in dehydrated vegetables such as dehydrated garlic and dehydrated white onion. The company was founded in 1991 and was designed for an annual production capacity ...",N/A,N/A,N/A,N/A,"Dongzhuangtou Food Industrial Zone Dianbu Town, Laixi Qingdao,, China",N/A,+86 532 8873 2183,N/A,https://www.ingredientsnetwork.com/qingdao-lulin-processed-vegetable-co-ltd-comp280866.html
Tetra Pak,"We are a world leading food processing and packaging solutions company. Working with our customers and suppliers, we provide access to safe, nutritious food for hundreds of millions of people in more than 160 countries every day. Pioneering food and...",Western Europe,"Equipment, Packaging & Processing Supplier",N/A,N/A,"62 rue Saint Lazare, 75009, Pairs, France",N/A,N/A,https://www.tetrapak.com/fr-fr,https://www.ingredientsnetwork.com/tetra-pak-comp396011.html
The Netherlands - Hub for Scaling Food Innovations,"The Netherlands: Hub for Scaling Food Innovations 16 showcases on our pavillion, hosted by Foodvalley, BOM and Oost NL: Time-Travelling Milkman, Epos, Grassa, Fiber Foods, Greencovery, Cibus Nexum, GreenFood50, NoPalm Ingredients, Huijbregts Groep,...",N/A,Consulting,N/A,N/A,"Goirleseweg, 5026, Tilburg, Netherlands",N/A,+31 6 42067721,https://foodvalley.nl/en/protein-transition-map/,https://www.ingredientsnetwork.com/the-netherlands-hub-for-scaling-food-innovations-comp324035.html
BioNatIn BV,BioNatIn is the only Dutch producer of colostrum powder and related products. At BioNatIn we believe that bovine colostrum and dairy enzymes play an essential role in the food chain. A sustainable use for bovine colostrum and all valuable enzymes an...,Africa; Asia; Australia; Eastern Europe; Middle East; Western Europe,Manufacturer: Ingredients / Additives,N/A,N/A,Ekkersrijt,N/A,N/A,https://www.bionatin.nl,https://www.ingredientsnetwork.com/bionatin-bv-comp309404.html
Valfoo AG,"Valfoo is one of the leading family-owned dairy suppliers of niche milk and whey products in Europe. Using our extensive experience and know-how, we develop new dairy products, innovative technologies and fully integrated supply chains that deliver ...",Africa; Asia; Australia; Central/South America; Eastern Europe; Middle East; North America; Western Europe,Manufacturer: Ingredients / Additives,N/A,N/A,"Technoparkstrasse 1, Zurich, Switzerland",N/A,+41762299881,N/A,https://www.ingredientsnetwork.com/valfoo-ag-comp312789.html
POLMLEK,"Polmlek Group - is the largest private dairy company in Poland with 100% Polish capital. It has been successfully implementing its strategy for almost 30 years and is gaining more and more market share, especially thanks to canvassings. In 2022, thr...",N/A,Manufacturer: Finished Food Products,N/A,N/A,"ul. Hoza 51, 00-681, Warsaw, Poland",N/A,+48 236924113,https://polmlek.com/en/,https://www.ingredientsnetwork.com/polmlek-comp270099.html
Symega Food Ingredients,"Symega Food Ingredients is one of the leading suppliers of innovative taste and sensory solutions for snacks, bakery, beverages, instant foods, dairy and plant-based products, among others, in the food and beverage industry worldwide. At Symega, we ...",Africa; Asia; Middle East,Manufacturer: Ingredients / Additives,N/A,N/A,"X1 312G, Synthite Taste Park,",N/A,9847600602,https://www.symega.com,https://www.ingredientsnetwork.com/symega-food-ingredients-comp269098.html
"Ultimate Products Co., Ltd.","Manufacturer / Exporters / Wholesale Suppliers Of energy drink and soft dink, synthetic colors, energy drink and juice, red paprika",Africa; Asia; Australia; Central/South America; Eastern Europe; Middle East; North America; Western Europe,Distributor; Import / Export Services,N/A,N/A,"149/246 Moo.13 Petkassem Soi 95, Petkasem Rd.,",N/A,+66 4207935-8,N/A,https://www.ingredientsnetwork.com/ultimate-products-co-ltd-comp264194.html
Al Garas For Spices and Herbs,"Al Garas for Spices and Herbs located in Alexandria, Egypt. We are one of the Egyptian suppliers who have a wide range of products such as spices, herbs, seeds and beans since 1952. Our Main Egyptian products: Herbs: Cilantro, Parsley, Celery, Lemon...",N/A,N/A,N/A,N/A,"73 El Horria Rd, 21521, Alexandria, Egypt",N/A,0020339392134,https://www.algarasspices.com,https://www.ingredientsnetwork.com/al-garas-for-spices-and-herbs-comp281187.html
OQEMA Group,"OQEMA Group ranks among the top ten chemical distributors in Europe, with over 40 locations across 25 countries. Boasting a team of nearly 1,600 employees, we leverage a vast network of skilled partners to serve our clients. Our customers benefit fr...",Eastern Europe; Western Europe,Distributor,N/A,N/A,"Schlosstrasse 39, 41352 , Korschenbroich, Germany",N/A,+49 152 01666 115,https://oqema.com/en/,https://www.ingredientsnetwork.com/oqema-group-comp279270.html
GreenField Sp. z o.o. Sp. k.,"GreenField company is a manufacturer and international supplier of natural ingredients for food industry (bakery, confectionary, dairy, beverages), cosmetics, pharmaceuticals and feed / pet food industry. We don't import. We produce and export our o...",Africa; Asia; Australia; Central/South America; Eastern Europe; Middle East; North America; Western Europe,"Contract Manufacturer; Distributor; Food Safety, Quality and Service; Manufacturer: Finished Food Products; Manufacturer: Ingredients / Additives; Raw Material Supplier",N/A,N/A,"Górczewska 242/31, 01-460, Warszawa, Poland",N/A,+48 22 389 39 49,https://www.greenfield.eu.com,https://www.ingredientsnetwork.com/greenfield-sp-z-o-o-sp-k-comp282134.html
Scandic Food,"A DANISH FOOD MANUFACTURER By combining more than 100 years of tradition with modern passion for good food and taste, innovative, high-quality products are developed. Scandic Food wants to be one step ahead when it comes to innovation for the consum...",Africa; Asia; Australia; Central/South America; Eastern Europe; Middle East; North America; Western Europe,Manufacturer: Finished Food Products,N/A,N/A,"Herredsvej 30A,, DK-7100, Vejle, Denmark",N/A,+45 75711800,https://goodfoodgroup.com/en/,https://www.ingredientsnetwork.com/scandic-food-comp267984.html
"Arshine Food Additives Co., Ltd.","Arshine Food Additives Co., Ltd. is the wholly owned subsidiary of ARSHINE GROUP. Arshine Group, set up in Shenzhen in 2007, is one of the leading raw material suppliers in China, and carries an extensive range of products covering the following seg...",N/A,N/A,N/A,N/A,"building 14, 410000, Chang Sha Shi, China",N/A,15889623180,N/A,https://www.ingredientsnetwork.com/arshine-food-additives-co-ltd-comp319258.html
Gelprime,"Gelprime is a manufacturer of high quality, 100% traceable, bovine gelatine. Created in 2019, with a factory in Ibipora-PR, Gelprime is part of one of the largest business groups in the bovine leather processing sector (Vancouros and Viposa/Brasil, ...",Central/South America; Eastern Europe; North America; Western Europe,Manufacturer: Ingredients / Additives,N/A,N/A,"Distrito Taquara Do Reino, 86200, 86200, Brazil",N/A,+55(43)3178-1850,https://www.gelprime.com,https://www.ingredientsnetwork.com/gelprime-comp323011.html
"HUANDA COCOA FOOD CO.,LTD.","Huanda is a young dynamic company that committed to produce affordable top quality cocoa products in China and Indonesia. Since its foundation, we have been supplying confectionery industry with raw materials, with passion and knowledge on everythin...",N/A,N/A,N/A,N/A,"Ja fe Road, Wanchai,, 999077, Hong Kong, China",N/A,86 15852781663,N/A,https://www.ingredientsnetwork.com/huanda-cocoa-food-co-ltd-comp322019.html
Ningxia Qiyuan Pharma,"Ningxia Qiyuan Pharmaceutical Co., Ltd. was established in January 2001, by the former state-owned enterprise Ningxia Pharmaceutical Factory and Ningxia Traditional Chinese Medicine Factory. The company adheres to the inheritance and seizes the oppo...",N/A,N/A,N/A,N/A,"No 1 Qiyuan Str., Wangyuan Industrial Area, 750101, Yinchuan, Ningxia, China",N/A,+86 951 4066968,https://www.china-qiyuan.com,https://www.ingredientsnetwork.com/ningxia-qiyuan-pharma-comp322418.html
"YANCHI YI JIAN BIOLOGICAL PROJECT CO.,LTD","Yanchi County Yijian Biotechnol Co.,Ltd was founded in Dec 2012, by Mr. Dezhi Zhang, the legal representative of the company. Company registered capital is 10 million RMB. The main business sectors are culture, processing, internal sales, import and...",N/A,N/A,N/A,N/A,"East of the Village, 751500, Ningxia, Ningxia, China",N/A,N/A,N/A,https://www.ingredientsnetwork.com/yanchi-yi-jian-biological-project-co-ltd-comp314180.html
Zhangzhou Bestvegetable Foods Co.Ltd,"Company Overview: Best Vegetable Foodstuff Co., Ltd. is a leading supplier of Dehydrated and Freeze-Dried Fruits and Vegetables, catering to many of the world's top food companies. With over 25 years of experience, we have established ourselves as ...",N/A,Manufacturer: Ingredients / Additives,N/A,N/A,"Xianjing Industrial Area, Shiting Town, 363020, Zhangzhou City, Fujian, China",N/A,+0086-596-2162946,https://www.bestvegetable.com,https://www.ingredientsnetwork.com/zhangzhou-bestvegetable-foods-co-ltd-comp324195.html
"Connell Bersaudara Chemindo, PT",Connell Brothers is the largest and one of the most highly respected marketers and distributors of specialty chemicals and ingredients in Asia-Pacific. Our commitment is to ensure that your products are delivered into the hands of our customers. We ...,Asia; Australia; North America,Distributor,N/A,N/A,"Menara Bidakara 2, 9th Floor",N/A,+62 21 83795720,N/A,https://www.ingredientsnetwork.com/connell-bersaudara-chemindo-pt-comp256182.html
"XI‘ AN HAOZE BIOTECHNOLOGYCO., LTD","We, Xi'an Haoze Biotechnology Co., Ltd was established in 2014, and located in Hi-Tech Industrial Zone in Xi'an Shaanxi province China. After about 10 years development, we are the leading supplier and researcher for Natural plant extract; Fruit and...",Africa; Asia; Australia; Central/South America; Eastern Europe; Middle East; North America; Western Europe,Manufacturer: Food & Beverage Finished Products,N/A,N/A,"Room D, floor 3, building 1, No.6, Zone C, Entrepreneurship R&D Park, 69 Jinye road,, China",N/A,N/A,https://WWW.HAOZEHEALTH.COM,https://www.ingredientsnetwork.com/xi-an-haoze-biotechnologyco-ltd-comp319865.html
Mayvi International Pvt Ltd,"At Mayvi, we are committed to help our clients discover new opportunities for collaboration and growth. By leveraging our strong market knowledge and business experience, we compress the time and cost of sourcing, distribution, marketing and after-s...",N/A,Distributor,N/A,N/A,"181/186, MHADA Layout Gorai, Gorai Road, Borivali West, Mumbai, India",N/A,N/A,N/A,https://www.ingredientsnetwork.com/mayvi-international-pvt-ltd-comp305874.html
"Yunnan Alphy Biotech Co., Ltd.","Found in 2007, Yunnan Alphy Biotech Co.,Ltd is a global-leading supplier of natural algae astaxanthin. We are one of main suppliers in large-scale culture of Haematococcus pluvialis and production of natural astaxanthin in natural and eco-friendly w...",N/A,Manufacturer: Ingredients / Additives,N/A,N/A,"Biological Industrial Park,Development Zone,, Chuxiong, China",N/A,8786168626,N/A,https://www.ingredientsnetwork.com/yunnan-alphy-biotech-co-ltd-comp307651.html
Interfood Group,"The Interfood Group is a leading global dairy supplier, facilitating the distribution of over 1.000.000 MT of dairy products per annum. With 50 years of dairy experience, 14 offices spread over all continents, and over 330 employees performing spec...",Africa; Asia; Australia; Central/South America; Eastern Europe; Middle East; North America; Western Europe,Distributor,N/A,N/A,"Kennedyplein 224, 5611 ZT, 5613 BH, Eindhoven, Netherlands",N/A,0031646169935,https://www.interfood.com,https://www.ingredientsnetwork.com/interfood-group-comp249049.html
Dohler,"Döhler is one of the world's leading producers, marketers and suppliers of natural ingredients, ingredient systems and integrated solutions for the food and beverage industry.",Africa; Asia; Australia; Central/South America; Eastern Europe; Middle East; North America; Western Europe,N/A,N/A,N/A,"MIGUEL GUIDOTTI 905, MIGUEL GUIDOTTI, Chacara Baiana, 13.485-342, LIMEIRA, SP, Brazil",N/A,19 2114-6012,https://www.doehler.com.br,https://www.ingredientsnetwork.com/dohler-comp266960.html
SETHIC INNOVATION LABO,"Founded in 1998 with French origins and a strong presence in Asia, SETHIC delivers innovative WELLCARE solutions through synergistic skin, hair, oral, and inner care. Our unique co-culture fermentation technologies, developed in collaboration with J...",Asia,Raw Material Supplier,N/A,N/A,"68 boulevard du Port Royal, 75005, Paris, France",N/A,N/A,https://www.sethic-innovations.com,https://www.ingredientsnetwork.com/sethic-innovation-labo-comp314827.html
Alesco S.r.l.,"Alesco produces and distributes raw materials for the pharmaceutical, nutraceutical, cosmetics and food industries. In addition to holding exclusive licences for the distribution in Italy of functional ingredients produced by some of the world's maj...",N/A,N/A,N/A,N/A,"Via delle Lenze, 216/B, 56121, PISA, Italy",N/A,N/A,https://www.alescosrl.com/,https://www.ingredientsnetwork.com/alesco-s-r-l-comp309417.html
Hermes Consilium Ltd.,"Hermes Consilium is an exclusive distributor of clinically supported ingredients for nutritional products in the region of Central & Eastern Europe. We represent some of the most established ingredient suppliers in the world, such as Gnosis by Lesaf...",Eastern Europe,Distributor,N/A,N/A,"Cesta v Mestni log 88a,, 1000, Ljublijana, Slovenia",N/A,+386 1 235 52 40,N/A,https://www.ingredientsnetwork.com/hermes-consilium-ltd-comp307668.html
SVZ International B.V.,"Looking for high-quality, sustainable fruit and vegetable ingredients? Our portfolio of premium purees, concentrates, NFC juices and IQFs are not only tasty and 100% natural, but you also receive the added reassurance of SVZ's reliability. Drawing o...",Africa; Asia; Australia; Central/South America; Eastern Europe; Middle East; North America; Western Europe,Manufacturer: Ingredients / Additives,N/A,N/A,"Reduitlaan 47, 4814 DC, Breda, Netherlands",N/A,+31 76 50 49 494,https://www.svz.com,https://www.ingredientsnetwork.com/svz-international-b-v-comp249829.html
IMCD,"IMCD is a global leader in the distribution and formulation of speciality chemicals and ingredients, providing solutions to its partners across eight diverse market sectors. We partner with leading suppliers to deliver clinically studied and fully t...",Africa; Asia; Australia; Central/South America; Eastern Europe; Middle East; North America; Western Europe,Distributor,N/A,N/A,"Hufgasse 10, 8008, Zurich, Switzerland",N/A,N/A,https://www.imcdgroup.com,https://www.ingredientsnetwork.com/imcd-comp307479.html
Azelis,"Azelis is a leading global distributor of speciality chemicals and innovative ingredients. We place partnerships with customers and principals at the heart of our activities, and have the knowledge to help you thrive in your business. Azelis Food & ...",Africa; Asia; Australia; Eastern Europe; North America; Western Europe,N/A,N/A,N/A,"Rue Gabriel Lippmann 19, L-5365, Munsbach, Grand-Duchy of Luxembourg, Luxembourg",N/A,+352 263 50 631,https://www.azelis.com,https://www.ingredientsnetwork.com/azelis-comp273240.html
"Anhui Minmetals Development IE Co., Ltd","Established in 1986 , China Anhui Minmetals Development I/E Co., Ltd. has made a name for itself in the list of top suppliers of in China. Along with developing rapidly in the export of machine-electric in china, AMIEC has built steady trade relatio...",N/A,N/A,N/A,N/A,"1689 Xiyou road, 230001, Hefei, China",N/A,+86 139 560 16207,N/A,https://www.ingredientsnetwork.com/anhui-minmetals-development-ie-co-ltd-comp307290.html
BanQu,"With BanQu, sustainable sourcing and compliance have never been easier! BanQu is the only true traceability solution that helps global brands and suppliers gain visibility and control of the remote, hidden parts of their supply chain – with source-l...",N/A,N/A,N/A,N/A,"2701 N Thanksgiving Way #100, 84043, Lehi, Utah, United States",N/A,+15713892606,N/A,https://www.ingredientsnetwork.com/banqu-comp315847.html
Diafood,We at Diafood are experts in processing vegetable ingredients for more than 35 years. The company has specialised more particularly in organic products and mushrooms. Careful selection of certified suppliers and regular supplier audits mean we are ...,Africa; Central/South America; Eastern Europe; Middle East; North America; Western Europe,Manufacturer: Ingredients / Additives,N/A,N/A,"Römerstraße 245, 69126, Heidelberg, Germany",N/A,+49 (0)6221 64 210,https://www.diafood.de,https://www.ingredientsnetwork.com/diafood-comp317234.html
GEFA Exportservice GmbH,"GEFA Exportservice GmbH (GEFA GmbH) realizes international export promotion projects for exporters of the German agricultural and food industry. These include German Pavilion at trade fairs, business trips, information events and contact exchanges, ...",N/A,N/A,N/A,N/A,"Getraudenstr 20, 10178, Berlin, Germany",N/A,+493040004770,https://www.germanexport.org,https://www.ingredientsnetwork.com/gefa-exportservice-gmbh-comp280619.html
GfM Gesellschaft fuer Micronisierung mbH,"GfM is your contract partner that delivers milling and grinding services for clients worldwide, be it nutrients, cosmetics, exipients or active pharmaceutical ingredients (APIs). We use our knowledge of particle size reduction to offer clients relia...",Africa; Asia; Australia; Middle East; North America; Western Europe,Contract Manufacturer,N/A,N/A,"Lesumer Heerstrasse 30, 28717, Bremen, Germany",N/A,+49 421 61072 200,https://www.gfm-bremen.de,https://www.ingredientsnetwork.com/gfm-gesellschaft-fuer-micronisierung-mbh-comp249001.html
Planifolia LTD,"PLANIFOLIA Group has been a World Vanilla Specialist since 1998. The management has a great experience in sourcing natural products as well as risk management and financing. Located in Mauritius (Head Office) and in Madagascar, the Group's objective...",N/A,N/A,N/A,N/A,"10 Frere Felix de Valois street, 11404, Port Louis, Mauritius",N/A,N/A,N/A,https://www.ingredientsnetwork.com/planifolia-ltd-comp306516.html
PlantWorks,We are a Biotech company involved in Cultivation and Trading of medicinal and aromatic plants with over 15+ years of expertise. We are trusted suppliers to several Global Brands in the Pharmaceutical and Nutraceutical business and are preferred beca...,N/A,Raw Material Supplier,N/A,N/A,"9 Clare Street, D02 HH30, Dublin, Ireland",N/A,+353 876532348,https://www.plantworks.group,https://www.ingredientsnetwork.com/plantworks-comp307462.html
Ronly Gida UK,"RONLY GIDA was established in 2016 with the vision of creating a modern Hazelnut processing plant, which would sell directly from origin to domestic and international customers. We are proud suppliers of our first class products to major customers t...",N/A,N/A,N/A,N/A,"3rd Floor, 201 Haverstock Hill, NW3 5LL, London, United Kingdom",N/A,+447817787199,https://www.ronlygida.com,https://www.ingredientsnetwork.com/ronly-gida-uk-comp309787.html
"Shandong Haiaos Biotechnology Co.,Ltd","Founded in 2015, The collagen casing project of Shandong Haiaos Biotechnology Co., Ltd is a high-tech enterprise focusing on the production of high-quality collagen casing, and committed to providing related technical consultation, services and appl...",N/A,N/A,N/A,N/A,"Zhang Bei Lu, 255000, Zi Bo Shi, China",N/A,N/A,N/A,https://www.ingredientsnetwork.com/shandong-haiaos-biotechnology-co-ltd-comp314362.html
"Shanghai Pinran Health Technology Co.,Lt","PINRAN is a technology oriented enterprise based on R&D, sales & comprehensive application services of hydrocolloids, nutrition and health ingredients. At present, our main products include hydrocolloids as thickener, emulsifier, functional food in...",Africa; Asia; Australia; Central/South America; Eastern Europe; Middle East; North America; Western Europe,Raw Material Supplier,N/A,N/A,"Hu Hang Lu, De Yang Shi, China",N/A,+8613901882575,N/A,https://www.ingredientsnetwork.com/shanghai-pinran-health-technology-co-lt-comp308618.html
"Shanghai Richfield International Co.,","Shanghai Richfield is the leader in China for AD and FD vegetables/fruits. Our goal is simple: 'European quality, Chinese price'. Currently we have three of our own factories and one office. We are HACCP certified by SGS, third party audits by BRC w...",Eastern Europe; North America; Western Europe,N/A,N/A,N/A,"Room 1102,Henderson 688 , Plaza,No.688 West Nanjing Road, Jingan District, 200041041, China",N/A,+86 21 5228 5809,N/A,https://www.ingredientsnetwork.com/shanghai-richfield-international-co-comp251380.html
Tradin Organic Agriculture Bv,"Tradin Organic is a global front runner in organic food ingredients. We lead through our unique sourcing, distributing and processing capability and full service offering. We offer a unique, wide range of organic and certified ingredients – from fru...",Africa; Asia; Australia; Central/South America; Eastern Europe; Middle East; North America; Western Europe,Distributor; Raw Material Supplier,N/A,N/A,"Stationsplein 61-65, 1012 AB, Amsterdam, Netherlands",N/A,+31 204074499,https://www.tradinorganic.com,https://www.ingredientsnetwork.com/tradin-organic-agriculture-bv-comp249279.html
Try Swedish,Welcome to explore our full-flavoured and innovative food and beverage products from Sweden! Meet TRY SWEDISH and our Swedish innovative and creative ingredients suppliers at the official Swedish country pavilion at FiE and get a taste of our part o...,N/A,Manufacturer: Ingredients / Additives,N/A,N/A,"Klarabergsviadukten 70, PO 240, 10124, Stockholm , Sweden",N/A,+33 6 83 02 41 31,https://www.tryswedish.com/,https://www.ingredientsnetwork.com/try-swedish-comp287540.html
"Youyu County Tuyuan Industrial Co.,LTD",YOUYU COUNTY TUYUAN INDUSTRIAL CO LTD was established in 2001. The company is engaged in agricultural and sideline products processing and it is a provincial and municipal leading enterprise of agricultural industrialization. The company covers an a...,Africa; Asia; Australia; Central/South America; Eastern Europe; Middle East; North America; Western Europe,N/A,N/A,N/A,"liangWei Industrial zone , youyu county, 37200, shanxi, shanxi province, China",N/A,+86 187 3494 0333,N/A,https://www.ingredientsnetwork.com/youyu-county-tuyuan-industrial-co-ltd-comp251458.html
Agromeals SA,"Agromeals has extensive experience in the marketing of beef, dairy and derived products, as well as other goods linked to the agro-industrial chain in the regional and international market. Since 2015, it has been working with customers in more than...",Central/South America,Raw Material Supplier,N/A,N/A,"Potosi 1657, Office 006,, Uruguay",N/A,N/A,https://agromeals.uy,https://www.ingredientsnetwork.com/agromeals-sa-comp315156.html
Gelnex B.V,"Gelnex Gelatins maintains the integrity of good business practices through an unwavering commitment to environmental preservation, social responsibility and supply chain transparency from suppliers to customers. With a presence in more than 50 count...",Africa; Asia; Australia; Central/South America; Eastern Europe; Middle East; North America; Western Europe,N/A,N/A,N/A,"Schiekade 830, Office No. 1.7, 3032 AG, Rotterdam., Netherlands",N/A,+31 (10) 751 4659,https://www.gelnex.com,https://www.ingredientsnetwork.com/gelnex-b-v-comp248950.html
Smart Ingredients and Specialties Pvt Ltd,"With our humble beginning in 2014, our dynamic growth has led us to be an accomplished national distributor today. Over the years we've expanded to carry everything from starches, proteins, fibres, dairy powders, sweeteners, and many others. Whether...",Asia,Distributor,N/A,N/A,"411,Yogeshwar Building, 135/139, Kazi Sayyed Street,",N/A,N/A,https://www.smartingredients.in,https://www.ingredientsnetwork.com/smart-ingredients-and-specialties-pvt-ltd-comp314076.html
FOODLINK B.V.,"At Foodlink Ingredients we are dedicated to deliver a selection of natural plant based ingredients with consistent and reliable quality. Our product portfolio consists of products like cashew nut pieces and paste, pine nuts and organic peanuts, amon...",Eastern Europe; Western Europe,Manufacturer: Ingredients / Additives; Raw Material Supplier,N/A,N/A,"Stationsplein 4, 2275 AZ, Voorburg, Netherlands",N/A,+31 (0)882587800,https://www.foodlink.nl,https://www.ingredientsnetwork.com/foodlink-b-v-comp268003.html
LACA OGA SIA,"LIO Superfood produces 100% pure organic freeze-dried veggy, fruit, berry and herb powders free from preservatives/additives, artificial colours and sweeteners. Freeze-dried products contain up to 98% of fresh products vitamins and minerals. Our sup...",Western Europe,Manufacturer: Ingredients / Additives,N/A,N/A,"""Pagastnams"", Trapenes pagasts, LV-4348, Smiltenes novads, Latvia",N/A,37126555540,https://www.liosuperfood.com,https://www.ingredientsnetwork.com/laca-oga-sia-comp312798.html
Ingredients4u AG,"Founded in 2019, Ingredients4U offers an unrivalled directory of products, sourced from world-class ingredient brands and companies across the globe. Our client base spans food, supplements, pharmaceutical grade products, cosmetic ingredients and mu...",N/A,N/A,N/A,N/A,"RM616, #6, Danba Road 28, Putuo District, 200062, Shanghai, China",N/A,N/A,N/A,https://www.ingredientsnetwork.com/ingredients4u-ag-comp307483.html
SEDAMYL SBE s.r.l,"We are a leading manufacturer of starches, sweeteners, proteins and alcohol. We supply ingredients for all the major food, feed and industrial applications. Founded in the 1950's as an independent family-owned Company, today we are an independent, e...",N/A,Manufacturer: Ingredients / Additives,N/A,N/A,"Via Monviso 2, Saluzzo, 12037, Cuneo, Italy",N/A,+39 392 662 84 96,https://www.sedamyl.com/,https://www.ingredientsnetwork.com/sedamyl-sbe-s-r-l-comp287428.html
BOLLORE LOGISTICS / FAIRS & EVENTS,"Bolloré Logistics range of modular services extends across seven core categories: Multimodal Transport, Trade Compliance, Contract Logistics, Global Supply Chain, Industrial Projects, E-commerce, and Customer Value.Our performance stems from a world...",N/A,Import / Export Services,N/A,N/A,"4 à 6 rue des Deux Cèdres / Zone Cargo 3, CS 17354, ROISSY, France",N/A,+332 40 68 61 72,https://www.bollore-logistics.com/en/,https://www.ingredientsnetwork.com/bollore-logistics-fairs-events-comp306740.html
Ecolex SDN BHD,"Futura Ingredients is a manufacturer of food emulsifiers and texturizing systems headquartered in Singapore with world-class manufacturing facilities in Westport, Malaysia. We provide effective, innovative technical solutions in bakery, confectioner...",N/A,N/A,N/A,N/A,"Lot 11, Section 5, Fasa 2B,, Pulau Indah Industrial Park,, Jalan Sungai Pinang 4/2,, 42920, Pulau Indah,, Selangor,, Malaysia",N/A,N/A,https://www.futuraingredients.com,https://www.ingredientsnetwork.com/ecolex-sdn-bhd-comp308361.html
FlavorWiki,"FlavorWiki is a global digital insights company that provides the fastest, most efficient technology for consumer brands to collect, analyze and manage insights data from consumers all over the world. The FlavorWiki Platform combines advanced data a...",Africa; Asia; Australia; Central/South America; Eastern Europe; Middle East; North America; Western Europe,Consulting,N/A,N/A,"140 Jonathans Drive West End, 27376, North Carolina, North Carolina, United States",N/A,+41791372228,https://business.flavorwiki.com/,https://www.ingredientsnetwork.com/flavorwiki-comp308007.html
foodguys,"Bulk Ingredient Sourcing, Ingredient Solutions, & More If you require a specific bulk food ingredient and you want to optimize size, the right pack, the finest quality, and the best price, foodguys are the guys for you. As a bulk ingredient supplie...",N/A,N/A,N/A,N/A,"30470 SW Parkway Ave. Suite A, 97070-7804, Wilsonville,, United States",N/A,N/A,N/A,https://www.ingredientsnetwork.com/foodguys-comp308320.html
Manolet Almonds,"We are almond crackers as well as almond processors, present in this business since 1946. We are located in the Elche Business Park (Alicante) in our new facilities, provided with the latest technology in almond cracking, selection and processing. W...",Africa; Asia; Central/South America; Eastern Europe; Middle East; North America; Western Europe,Raw Material Supplier,N/A,N/A,"2 Joaquin Turina St Elche, 03203, Alicante, Spain",N/A,+34689430763,https://www.manolet.com,https://www.ingredientsnetwork.com/manolet-almonds-comp308089.html
Nani Agro Foods (P) Ltd,"Nani Agro Foods (P) Ltd., Erode in India is in the Spice business since 5 decades. Nani Agro Foods has been in the business of creating taste. It's spice and spice blends make food taste great. A fully integrated, end-to-end solution provider in Sp...",Africa; Asia; Australia; Central/South America; Eastern Europe; Middle East; North America; Western Europe,Manufacturer: Ingredients / Additives,N/A,N/A,"32, Ottukkara Chinniah Street, , Erode,  638 003., Erode, India",N/A,91-424-2217126,https://naf.in/contact.html,https://www.ingredientsnetwork.com/nani-agro-foods-p-ltd-comp251271.html
Shanghai Freemen Europe,"The finest nutritional products, backed by decades of spot-on market intelligence. Shanghai Freemen is committed to helping our clients in the food and beverage, dietary supplement, personal care and animal nutrition markets bring their innovative i...",Africa; Asia; Australia; Central/South America; Eastern Europe; Middle East; North America; Western Europe,Raw Material Supplier,N/A,N/A,"2500 Xiupu Road, Building 19,, 2595 AM, The Hague, Netherlands",N/A,+31-85-4854488,https://www.freeman.sh.cn,https://www.ingredientsnetwork.com/shanghai-freemen-europe-comp251378.html
Trouw B.V.,"Trouw has grown into one of the leading independent suppliers of gluten free products. Trouw processes gluten free raw materials like pulses, seeds, grains, buckwheat and much more. With a high-tech industrial mill Trouw produces single flours, baki...",Eastern Europe; Middle East; Western Europe,Manufacturer: Ingredients / Additives,N/A,N/A,"Piekstraat 63 -65, 3071 EL, Rotterdam, Netherlands",N/A,+31 10 486 6332,https://www.trouw-buckwheat.nl,https://www.ingredientsnetwork.com/trouw-b-v-comp305928.html
Better World Naturals,"Founded in 2018, Better World Naturals is a joint venture of MITSUI and Huabao. Mitsui & Co., Ltd. is one of the largest general trading companies in Japan. Huabao Flavours & Fragrances is a leading global manufacturer of flavors, fragrances, and to...",N/A,N/A,N/A,N/A,"Room 307,309,313, 3rd Floor, No. 1299 Yecheng Road,, Jiading District, 201800, Shanghai, China",N/A,02167083360,N/A,https://www.ingredientsnetwork.com/better-world-naturals-comp286751.html
"Luoyang Chihon Biotechnology Co., Ltd.","CHIHONBIO is one of the manufacturers and suppliers of natural food ingredients. CHIHONBIO is committed to R&D, manufacturing, technical services of food ingredients. Our mission is: To provide healthy products for human beings. To value growth for...",Africa; Asia; Australia; Central/South America; Eastern Europe; Middle East; North America; Western Europe,Manufacturer: Ingredients / Additives,N/A,N/A,"11 Qinling North Road, 450013, Luoyang, Henan, China",N/A,+86 379 6438 2868,https://www.chihonbio.com,https://www.ingredientsnetwork.com/luoyang-chihon-biotechnology-co-ltd-comp285204.html
Symrise & Diana Food,"Symrise is a global supplier of fragrances and flavorings, cosmetic active ingredients and raw materials, functional ingredients and product solutions for food production based on natural base materials. Its clients include manufacturers of perfumes...",Africa; Asia; Australia; Central/South America; Eastern Europe; Middle East; North America; Western Europe,Manufacturer: Ingredients / Additives,N/A,N/A,"7 allee Ermengarde d'Anjou, 35011, Rennes, France",N/A,+65 66351939,https://www.symrise.com,https://www.ingredientsnetwork.com/symrise-diana-food-comp249744.html
Dr. Behr GmbH,"Founded in 1976 already, Dr. Behr GmbH offers a wide range of raw materials for the fields of dietetics, pharmaceutics and dietary supplement, including amino acids, enzymes, flavonoids, and probiotics. Dr. Behr sets great store by premium quality: ...",Africa; Asia; Australia; Central/South America; Eastern Europe; Middle East; North America; Western Europe,Raw Material Supplier,N/A,N/A,"Königswinterer Str. 37 a, 53227, Bonn, Germany",N/A,+49 228976396 0,https://www.drbehr.com,https://www.ingredientsnetwork.com/dr-behr-gmbh-comp248871.html
F Gutkind & Co Ltd,"For over a century F Gutkind has supplied a wide range of Gums, Essential Oils, Fruits, Flavours, Colours to industries worldwide. Sourcing direct from the manufacturers and through decades of doing business with these approved suppliers, we have bu...",Asia; Eastern Europe; Middle East; Western Europe,Raw Material Supplier,N/A,N/A,"The Orchard, Wootton Village, , OX1 5HP, Oxford, Oxon, United Kingdom",N/A,+ 44 (0) 1865 739775,https://www.fgutkind.com,https://www.ingredientsnetwork.com/f-gutkind-co-ltd-comp289233.html
Husarich GmbH,"Whether it's herbs, spices or seeds: Husarich GmbH provides processed products in the agreed quality. We maintain these standards by working with approved raw material suppliers, in-house production facilities and experienced staff. Coarse, fine, gr...",Africa; Asia; Australia; Central/South America; Eastern Europe; Middle East; North America; Western Europe,"Contract Manufacturer; Distributor; Food Safety, Quality and Service; Manufacturer: Finished Beverage Products; Manufacturer: Finished Food Products; Manufacturer: Food & Beverage Finished Products; Manufacturer: Ingredients / Additives; Raw Material Supplier",N/A,N/A,"Peutestrasse 53D, 20539 , Hamburg, Germany",N/A,+49-40-78044-261,https://www.husarich.com,https://www.ingredientsnetwork.com/husarich-gmbh-comp280621.html
John Kellys (London) Ltd,"John Kellys (London) Ltd has been a global supplier of raw materials for the Food, Flavour, Cosmetic and Chemical industries for more than 80 years. Our philosophy today is the same as it was 80 years ago – To deliver a quality product at competitiv...",Africa; Asia; Australia; Central/South America; Eastern Europe; Middle East; North America; Western Europe,Import / Export Services,N/A,N/A,"Unit 2, 1 Beauchamp Court, 10 Victors Way, EN55TZ, London, United Kingdom",N/A,07821 687860,https://www.johnkellys.com,https://www.ingredientsnetwork.com/john-kellys-london-ltd-comp302797.html
Spraycom GmbH,Hamburg-based firm Willy Benecke has been buying and selling gum acacia for more than 65 years. And has been producing spray-dried gum acacia powder for the past 30 of those. The company is now amongst the leading suppliers on the global market and ...,N/A,Manufacturer: Ingredients / Additives,N/A,N/A,"Sudring 15, 13293, Wittenburg, Germany",N/A,0049 40 780 444 0,https://www.willy-benecke.com,https://www.ingredientsnetwork.com/spraycom-gmbh-comp302011.html
Herza Schokolade GmbH & Co KG,"HERZA Schokolade GmbH & Co. KG, based in Hamburg, Germany, is one of the leading suppliers of high-quality functional compound and chocolate pieces for use in food products. With a strong emphasis on customised specialties, HERZA translates custome...",Central/South America; Eastern Europe; Middle East; North America; Western Europe,Manufacturer: Finished Food Products,N/A,N/A,"Segeberger Chaussee 132, 22850, Norderstedt, Germany",N/A,+49 405001760,https://www.herza.de/en/,https://www.ingredientsnetwork.com/herza-schokolade-gmbh-co-kg-comp251180.html
"Topflight Interfoods Co., Ltd.","Topflight Interfoods Co Ltd is one of the leading importer and distributor companies supplying ingredients to the food industry including agricultural products, food ingredients, instant food, frozen food, ready to drink, beverages, meat/seafoods, ...",Asia,Distributor,N/A,N/A,"20/6 Moo 2, Suwinthawong Rd.,",N/A,+66 2 1725087,https://www.topflight.co.th,https://www.ingredientsnetwork.com/topflight-interfoods-co-ltd-comp250577.html
DPB Foods & Flavours,"DPB FOODS & FLAVOURS CA for GIVAUDAN Flavours for western part of India. Apart from Flavours, we deal in food additive & food ingredients for the processed food industry, dairy, beverage, confectionery, bakery as well as pharma. Our wide range of pr...",Asia,Distributor,N/A,N/A,"#507 Exim Link,, Opp Indira Container Yard, Mulund-Goregaon Link Road,, Near Nahur Railway Station West,, 400078, Mumbai, Maharashtra, India",N/A,022- 25628300,https://-,https://www.ingredientsnetwork.com/dpb-foods-flavours-comp269059.html
APIA TUNISIA,"Established in 1982, “Agence de Promotion des Investissements Agricoles” (APIA) is a Tunisian public institution run by the Ministry of Agriculture that was created to promote private investment in the fields of agriculture, fisheries and related se...",Africa; Asia; Australia; Central/South America; Eastern Europe; Middle East; North America; Western Europe,Government /Pavilion Organiser /Trade Association,N/A,N/A,"des Investments Agricoles (APIA), 62, Rue Alain Savary, 1003, Tunis Cité El Khadra, Tunisia",N/A,N/A,https://www.apia.com.tn/,https://www.ingredientsnetwork.com/apia-tunisia-comp264361.html
Diafood GmbH,"Diafood offers a range of conventional dehydrated vegetable ingredients, but also a very large selection of organic products. All the ingredients are available as flakes, granules, strips, powder or cut to specific shapes. We at Diafood are experts...",Africa; Asia; Australia; Central/South America; Eastern Europe; Middle East; North America; Western Europe,N/A,N/A,N/A,"Im Weiher 12, 69121, Heidelberg, Germany",N/A,+49-6221/64210,https://www.diafood.de,https://www.ingredientsnetwork.com/diafood-gmbh-comp248913.html
Vegenat,"VEGENAT S.A. is a leading company in the sale of Air Dried Products obtained through natural processes by using its own, market-leading, innovative technology. Our long-standing experience of over 35 years in the sector enables us to supply high qua...",Africa; Asia; Australia; Central/South America; Eastern Europe; Middle East; North America; Western Europe,N/A,N/A,N/A,"Ctra. Badajoz-Montijo Ex.209 km 24, Pueblonuevo del Guadiana, EX-209 Km 24, 06184, Badajoz, Spain",N/A,+34 924 473308,https://www.vegenat.es,https://www.ingredientsnetwork.com/vegenat-comp249907.html
"ETG (QINGDAO) CO., LTD","ETG is globally recognised as one of the fastest growing integrated agricultural supply chain groups. Our multinational operating entities are strategically located across 40 countries and are responsible inter alia for procurement, warehousing, pro...",N/A,N/A,N/A,N/A,"Room 1006, Huayin Building, No.5 Donghai West Road, 266000, Qingdao, Shandong, China",N/A,+86 157 2626 8725,N/A,https://www.ingredientsnetwork.com/etg-qingdao-co-ltd-comp285275.html
foodcircle.com | Organic Commodities,"Foodcircle is the leading European B2B platform to source organic ingredients online. We work with all EU approved organic certified suppliers, handle logistics, operations and offer all the documentation easy to download in one click. We offer many...",Eastern Europe; Western Europe,Distributor; Raw Material Supplier,N/A,N/A,"Rheinsberger Str. 76/77, 10115, Berlin, Germany",N/A,+4917699510380,N/A,https://www.ingredientsnetwork.com/foodcircle-com-organic-commodities-comp282031.html
"HENAN CAPITAL IMPORT&EXPORT TRADING CO., Ltd.","As a fast-growing and promising ingredient player, we are engaged but not limited in manufcturing and trading Flavors&Fragrances, Pharmaceuticals and Agrochemicals.Driven by the passions for taste, smell and health, we put our commitments and innova...",Africa; Asia; Australia; Central/South America; Eastern Europe; Middle East; North America; Western Europe,Government /Pavilion Organiser /Trade Association,N/A,N/A,"Room 2101 Zhengbian Road, YINGXIE Plaza, 450018, Jinshui , China",N/A,+86 371 5598 8028,N/A,https://www.ingredientsnetwork.com/henan-capital-import-export-trading-co-ltd-comp281504.html
Ingrebio,"INGREBIO is expert in organic food ingredients. We support industries in formulation, sourcing, and regulatory purpose for organic foods and food supplements. With our professional media ingrebio.fr, food companies are aware of organic food ingredi...",Western Europe,N/A,N/A,N/A,"8 Leneheuc, 35380, Treffendel, France",N/A,+33673002910,https://ingrebio.fr,https://www.ingredientsnetwork.com/ingrebio-comp279242.html
New Lanka Cinnamon Pvt Ltd,"The New Lanka Cinnamon Private Limited (NLC) is a well-established cinnamon & other spices manufacturing, processing and exporting business organization and particularly business has been founded by 1980 in Sri Lanka. NLC has started their operation...",Australia; Central/South America; North America,Manufacturer: Ingredients / Additives,N/A,N/A,"No.260/1, Weralu Anduwawa, Maha Edanda, 80360, Karandeniya, Sri Lanka",N/A,N/A,https://www.newlankacinnamon.lk,https://www.ingredientsnetwork.com/new-lanka-cinnamon-pvt-ltd-comp285222.html
PURECIRCLE,"PureCircle is the leading producer and innovator of great-tasting stevia sweeteners for the global beverage and food industry. At PureCircle, we've dedicated our business to producing the best, natural origin, zero-calorie sweetener made from Starle...",N/A,N/A,N/A,N/A,"Unit 135 Wharfedale Road, RG41 5RB, IQ Winnersh , United Kingdom",N/A,+44 (0) 1189 485 008,N/A,https://www.ingredientsnetwork.com/purecircle-comp282725.html
SIDDHIVINAYAK AGRO PRODUCTS,"Dehydrated White , Red , & pink Onion , Dehydrated Garlic , Dehydrated Vegetables & Spices . We will provided you our all products in good quality & As per EU standard & competitive other suppliers. We feel proud to inform you that we have moderniz...",Africa; Asia; Australia; Central/South America; Eastern Europe; Middle East; North America; Western Europe,Manufacturer: Ingredients / Additives,N/A,N/A,"Victor Bypass Road, 364290, Mahuva, Gujarat, India",N/A,N/A,https://www.sapworld.in,https://www.ingredientsnetwork.com/siddhivinayak-agro-products-comp284370.html
Twente Foods BV,"Twente Foods has been an international trade office and producer of dairy products for the food industry in the Benelux since 2000. Our suppliers are all IFS and or BRC certified and meet the highest quality standards. In addition, we produce, in co...",Eastern Europe; Middle East; Western Europe,N/A,N/A,N/A,"Glavanistraat 16, 3861 NJ, Nijkerk, Netherlands",N/A,+31 (0) 53 536 3005,https://www.tweentefoods.com,https://www.ingredientsnetwork.com/twente-foods-bv-comp268434.html
"WEIFANG BESHINE INTERNATIONAL TRADE CO., LTD.","Weifang Beshine has nearly 15 years of rich experience in the fields of food additives, feed additives, chemicals, human and animal nutrition, etc. We're good at market research to choose the best suppliers and we have been in strategic cooperation ...",Africa; Asia; Central/South America; Eastern Europe; Western Europe,"Distributor; Food Safety, Quality and Service",N/A,N/A,"ROOM 1901,BUILDING 4,CHANGLE WORLD MALL, NO.421 LIMIN ROAD, 0, WEIFANG CITY, CHANGLE, SHANDONG, China",N/A,+86 536 573 9961,N/A,https://www.ingredientsnetwork.com/weifang-beshine-international-trade-co-ltd-comp285102.html
"Brenntag Vietnam Co., Ltd","Brenntag, the global market leader in chemical distribution, covers with its extensive product and service portfolio all major markets. The company supports its customers and suppliers with tailor-made distribution solutions for industrial and spec...",Asia; Australia,Distributor,N/A,N/A,"202 Hoang Van Thu, Ward 9, Phu Nhuan District, Phu Nhuan District,, ho Chi Min, Vietnam",N/A,N/A,https://www.brenntag.com,https://www.ingredientsnetwork.com/brenntag-vietnam-co-ltd-comp249952.html
"Gansu Kinbo Industry Co., Ltd.","GANSU KINBO INDUSTRY CO., LTD is specialized in citric acid.we are the top ten biggest suppliers in whole China.Besides,we are a global provider of food and beverage additives. We have been exported widely to more than 5 0 countries and regions in ...",Africa; Asia; Central/South America; Eastern Europe; Middle East; North America; Western Europe,Distributor; Manufacturer: Ingredients / Additives,N/A,N/A,"No.003, 11th Fl., Unit 1, Keelung Building, No.8, Yanshou Lane,, Zhangye Road, Chengguan District, Lanzhou City,, Yanshou Lane, Lanzhou, China, 730030, Gansu, China",N/A,8478408,N/A,https://www.ingredientsnetwork.com/gansu-kinbo-industry-co-ltd-comp282703.html
"SINPHAR TIAN-LI PHARMACEUTICAL CO.,LTD(HANG ZHOU)","SinpharTian-Li (Hangzhou) Pharm. Co., Ltd. is a certified pharmaceutical GMP, ISO 14001 and GMP botanical extraction factory, a subsidiary of Taiwan public listing company Sinphar Pharmaceuticals, established in 2001 located in Hangzhou China. Produ...",N/A,N/A,N/A,N/A,"浙江杭州市余杭经济开发区红丰路599号, Yuhang Economic Development Zone, 311100, Hangzhou, Zhejiang, China",N/A,86168980转8922,N/A,https://www.ingredientsnetwork.com/sinphar-tian-li-pharmaceutical-co-ltd-hang-zhou-comp277443.html
NICROM QUIMICA,"Founded in 1978, in Sao Paolo, our main activities are: Import, Distribution, Marketing and Chemicals Logistics that meet various market segments. The Company's line of business includes the wholesale distribution of chemicals and allied products. N...",Africa; Asia; Australia; Central/South America; Eastern Europe; Middle East; North America; Western Europe,Distributor,N/A,N/A,"166 Alameda Alameda AFRICA, 166, Tambore, 6543306, SANTANA DE PARNAIBA, TAMBORE, Brazil",N/A,19 38387575,https://www.nicromquimica.com.br,https://www.ingredientsnetwork.com/nicrom-quimica-comp249518.html
J. K. Chemical,"JK Chemical has the largest, most innovative portfolio of taste and nutrition system, functional ingredients and actives for the global food, beverages and pharma markets. Since 1998 : We have our establishment since 1998 and we are one of the leadi...",Asia; Middle East; Western Europe,"Distributor; Food Safety, Quality and Service; Raw Material Supplier",N/A,N/A,"#36, 2nd Floor,, Maharshi Debendra Road,, 700006, Kolkata, India",N/A,9903307414,https://www.jkchemicalindia.com,https://www.ingredientsnetwork.com/j-k-chemical-comp282326.html
Wei Teh Flavour & Fragrance Biotechnology Corp.,"WEI TEH FLAVOUR & FRAGRANCE BIOTECHNOLOGY CORP., located in Changhwa County, Taiwan, was established in 1972. For years, Wei Teh has become one of the most outstanding flavors and fragrances suppliers in the Asia Pacific Area.",N/A,N/A,N/A,N/A,"No. 95, Sector 3, , Zhongshan Road,, Dacun Township,, 51542, Changhua, Taiwan",N/A,+886 4 853 7171,https://www.weiteh.com.tw,https://www.ingredientsnetwork.com/wei-teh-flavour-fragrance-biotechnology-corp-comp269106.html
Anabela Foods,ANABELA FOODS represents producers of natural raw materials for the food industry and acts as their local sales office. We are the liaison between producer and importer. We establish contacts with suppliers - also in exotic and unusual countries - w...,Africa; Asia; Australia; Central/South America; Eastern Europe; Middle East; North America; Western Europe,N/A,N/A,N/A,"Meiendorfer Strasse 174, 22145, Hamburg, Germany",N/A,+49 40 644 22 733,https://www.anabelafoods.de,https://www.ingredientsnetwork.com/anabela-foods-comp255053.html
HS Food Additives,"Established in 1990, HS Food Additives (Guangdong Huasheng Food Chemicals Co Ltd) is a professional company in the field of importing and marketing food raw materials, ingredients, additives, flavors and fragrances etc. With over 27 years effort in ...",Asia,Distributor,N/A,N/A,"Left side of the Post office,, Anbu Town, Chaoshan Highway, 515638, Chaozhou, Guandong, China",N/A,+867686669333,N/A,https://www.ingredientsnetwork.com/hs-food-additives-comp266935.html
IPS-Ingredis,"IPS-INGREDIS - Your Trusted Partner for Globally Sourced Ingredients IPS-INGREDIS is your trusted partner in sourcing & supplying quality ingredients, concentrates, additives and flavors worldwide. The company has built a solid reputation on mutual...",Africa; Asia; Middle East; Western Europe,Distributor; Raw Material Supplier,N/A,N/A,"Dubai Airport Free Zone,, 4WA, Office #219, P.O. Box 54337,, 54337, Dubai, United Arab Emirates",N/A,+97142115300,https://www.ipsingredis.com,https://www.ingredientsnetwork.com/ips-ingredis-comp267985.html
Scheidegger Trading Co. Inc,"Scheidegger Trading Co., Inc. represents three generations of Scheidegger entrepreneurial history. We are a full-service export management company that specializes in matching U.S. based sellers with overseas buyers that are active in the food and b...",Africa; Asia; Australia; Central/South America; Eastern Europe; Middle East; North America; Western Europe,"Food Safety, Quality and Service",N/A,N/A,"351 California Street, 94104  , San Francisco, California, United States",N/A,+1 360 693 3379,https://www.stcsf.com,https://www.ingredientsnetwork.com/scheidegger-trading-co-inc-comp256419.html
KD Pharma Group,"KD Nutra, as part of the KD Pharma Group, has become one of the world's largest Omega-3 and fish oil refiners and suppliers. As a fully vertically integrated company, KD Nutra offers the most comprehensive range of Omega-3 technologies and products,...",Asia; Australia; Eastern Europe; Middle East; North America; Western Europe,Contract Manufacturer; Manufacturer: Ingredients / Additives,N/A,N/A,"794 Sunrise Blv., 18343, Mount Bethel  PA, United States",N/A,15702606900,https://www.kdpharmagroup.com,https://www.ingredientsnetwork.com/kd-pharma-group-comp271744.html
"Sele Ingredients, PT","PT Sele Ingredients is a dynamic company that belongs to the larger Sele Group of companies who has more than 40 years existence in the agriculture, mining, oil & gas and energy businesses. PT Sele Ingredients thrives to be a key player in the ingre...",Asia,Distributor,N/A,N/A,"Golden Boulevard E -18,, Jl. Pahlawan Seribu, BSD City,, Tabet Barat/ Tebet, 15322, Tangerang Selatan, Indonesia",N/A,+62 2153160828,https://www.sele-ingredients.co.id,https://www.ingredientsnetwork.com/sele-ingredients-pt-comp254982.html
Doehler India Pvt Ltd,"Doehler is one of the world's leading producers, marketers and suppliers of natural ingredients, ingredient systems and integrated solutions for the food and beverage industry. Using nature and innovative technologies as our starting point, we alway...",Africa; Asia; Australia; Central/South America; Eastern Europe; Middle East; North America; Western Europe,N/A,N/A,N/A,"3/285 Raisoni industrial Park,, Hinjewadi, 411057, Pune, Maharashtra, India",N/A,020-66744604,https://www.doehler.com,https://www.ingredientsnetwork.com/doehler-india-pvt-ltd-comp269058.html
Ecil,"ECIL is a trading company that for 62 years has had a solid commercial exchange between Brazil and many countries all over the world, mainly in the food sector. All the experience acquired throughout 62 years in the import and export market, provide...",Africa; Asia; Australia; Central/South America; Eastern Europe; Middle East; North America; Western Europe,N/A,N/A,N/A,"1205 Francisco Reis, 88311-710, Vila Olímpia, Cordeiros, Brazil",N/A,+55 11 3202 6363,https://www.br-ecil.com/ingredientes,https://www.ingredientsnetwork.com/ecil-comp255064.html
DOREMUS,"Established in 1985, Doremus Alimentos Ltda. is a Brazilian company that started its activities with the import and processing of Natural Casings for meatpacking companies. With the aim of diversifying its activities and providing a more comprehensi...",Africa; Asia; Australia; Central/South America; Eastern Europe; Middle East; North America; Western Europe,N/A,N/A,N/A,"32/42 Rua R SANTA MARIA DO PARA, 32/42, Bonsucesso, 07.175-400, GUARULHOS, BONSUCESSO, Brazil",N/A,11 24363333,https://www.doremus.com.br,https://www.ingredientsnetwork.com/doremus-comp249405.html
Food Export USA,Food Export Association of the Midwest USA (Food Export-Midwest) and Food Export USA-Northeast (Food Export-Northeast) are non-profit organizations composed of 13 Midwestern and 10 Northeastern state agricultural promotion agencies that provide U.S....,Asia; Australia; Central/South America; Eastern Europe; Middle East; North America; Western Europe,Government /Pavilion Organiser /Trade Association,N/A,N/A,"Alameda Lorena, 800, Cj. 1803, Jardim Paulista, 01424001, Sao Paulo, SP, Brazil",N/A,+55(11)2528-6269,https://www.foodexportusa.com,https://www.ingredientsnetwork.com/food-export-usa-comp272177.html
Taj Food (Pvt) Ltd,"Taj Food (Pvt) Ltd was established in 1993, now grown into a quality oriented producer and supplier of organic rice, dried fruits, and sesame seeds. With being the largest organic suppliers from Pakistan, Taj Food has incorporated stringent standard...",Africa; Asia; Australia; Central/South America; Eastern Europe; Middle East; North America; Western Europe,Raw Material Supplier,N/A,N/A,"Khali Bypass Sheikhupura Road, 52250, Gujranwala, Pakistan",N/A,+92 534283026,https://www.tajfoodpk.com,https://www.ingredientsnetwork.com/taj-food-pvt-ltd-comp263123.html
BK Nutri Network,Vitalstoffe is the first magazine in the German language that aims for a comprehensive coverage of food supplements. Studies on active substances and raw materials will be in the foreground. There will be reports on applications for various target g...,Africa; Asia; Australia; Central/South America; Eastern Europe; Middle East; North America; Western Europe,Press & Publishing,N/A,N/A,"Altenfurter Str. 61, 90475, Nürnberg, Germany",N/A,+49 911 81 58 493,https://www.nutri-network.com,https://www.ingredientsnetwork.com/bk-nutri-network-comp268438.html
Lyovit,LYOVIT is the biggest producer of freeze - dried products in Poland. Since 1992 we create and continuously develop quality of our products. Our mission is to preserve carefully selected food ingredients with the help of modern technology to give our...,Asia; Australia; Central/South America; North America; Western Europe,"Contract Manufacturer; Food Safety, Quality and Service; Raw Material Supplier",N/A,N/A,"ul.Glowackiego 34 A, 26-021, Daleszyce, Poland",N/A,606628526,https://www.lyovit.com.pl,https://www.ingredientsnetwork.com/lyovit-comp268455.html
"Watson, Inc.","Watson, Inc. specializes in supplying custom nutrient premixes and ingredients for the food industry. Watson is one of the highest quality suppliers of products and services geared towards enhancing human health and nutrition around the world. We ar...",Australia; Central/South America; Eastern Europe; North America; Western Europe,Contract Manufacturer,N/A,N/A,"301 Heffernan Drive, 06516, West Haven, CT, United States",N/A,203-932-3000,https://www.watson-inc.com,https://www.ingredientsnetwork.com/watson-inc-comp254302.html
Arctos Creme Sp.z o.o.,"We are one of the largest producers and suppliers of fondant (water-based pomade), which we supply mainly to clients within the bakery and confectionery sectors. As ArctosCreme, we make it our goal to deliver the highest quality products at the best...",Africa; Asia; Australia; Central/South America; Eastern Europe; Middle East; North America; Western Europe,N/A,N/A,N/A,"Skladowa 1, Koninko, 62023, Gadki, Poland",N/A,+48 881934462,https://www.arctoscreme.com,https://www.ingredientsnetwork.com/arctos-creme-sp-z-o-o-comp251026.html
Brutarul-Cofetarul and Gastromedia,"Boro Info is a B2B exhibiton organizer and magazine editor. BRUTARUL-COFETARUL is the magazine of the Romanian bakers, confectioners, millers and pastry-chefs supporting trends and traditions in the field by establishing the connection of specialist...",Eastern Europe,Press & Publishing,N/A,N/A,"Strada Izvorului 13/A, 535600, Odorheiu Secuiesc, Romania",N/A,40733313042,https://www.boroinfo.ro,https://www.ingredientsnetwork.com/brutarul-cofetarul-and-gastromedia-comp268992.html
Itaste Food Ningbo Ltd,"Established in 1987, ITASTE is known as a reliable supplier in the food ingredient field with top quality and professional service. Dedicated to becoming one of main suppliers in the global food ingredients market, ITASTE has been focusing on the ap...",Africa; Asia; Australia; Central/South America; Eastern Europe; Middle East; North America; Western Europe,Distributor,N/A,N/A,"21 Jiangxia Street, 315000, Ningbo, Zhejiang, China",N/A,+86 574 87260161,https://www.itaste.cn/contact%20us,https://www.ingredientsnetwork.com/itaste-food-ningbo-ltd-comp267930.html
Aromatic Flavours & Fragrances,"Established in 1969, Aromatic Flavours and Fragrances, has grown to become one of the leading independent flavour and fragrances suppliers. This has been achieved by understanding the needs and expectations of our customers and by being at the foref...",Africa; Asia; Australia; Central/South America; Eastern Europe; Middle East; North America; Western Europe,N/A,N/A,N/A,"Aromatic building, New Manshia  Moharem Bek, Kabary Highway, 21519, Alexandria, Egypt",N/A,+2 03 3604505  Ext:120,https://www.af-f.com,https://www.ingredientsnetwork.com/aromatic-flavours-fragrances-comp252069.html
Colorganics,"Colorganics develops natural color solutions for food and beverage industry applications that contribute to a healthier consumption. In our experience, of over 10 years, we have delivered natural dyes from turmeric, annatto, chlorophyll, anthocyanin...",Central/South America; North America; Western Europe,Distributor; Raw Material Supplier,N/A,N/A,"Carrera 50 # 96 A Sur - 280, Bodega 05 Sector Industrial Sierra Morena, 055468, La Estrella, Antioquia, Colombia",N/A,+57 4 4442252,https://www.colorganics.co,https://www.ingredientsnetwork.com/colorganics-comp269377.html
Pt.Natural Java Spice,"Our product range includes best quality nutmegs, mace, cloves, cassia, turmeric, Indonesian black and white pepper, long pepper, cubeb and vanilla, available in different quality calibrations or milled in all particle size requests. We can provide c...",Africa; Asia; Australia; Central/South America; Eastern Europe; Middle East; North America; Western Europe,Distributor,N/A,N/A,"Raya Bumi Maspion 1, Kav 5, No.14 Romokalisari, 60192, Surabaya, Indonesia",N/A,+62 31 99 00 61 99,https://www.naturaljavaspice.com,https://www.ingredientsnetwork.com/pt-natural-java-spice-comp269338.html
KD Pharma Group,"Defined by you. Delivered by us™. KD Nutra® is a technology-driven CDMO with leading expertise in ultra-potent marine-based and vegan-based Omega-3 nutritional lipids. As part of the KD Pharma Group, KD Nutra® has become one of the world's largest O...",Asia; Central/South America; Eastern Europe; Middle East; North America; Western Europe,Contract Manufacturer,N/A,N/A,"Via Campagna 30, Bioggio, Switzerland",N/A,00 15702606900,N/A,https://www.ingredientsnetwork.com/kd-pharma-group-comp295100.html
SUCRE+,"Sucre + imports and distributes sugars. The company is specialized in the commercialization, the making, the sieving, the crushing and the packing of various types of sugars. We offer a large range of sugars made from sugar canes and beets as well a...",Western Europe,Distributor,N/A,N/A,"18 Chem. d'Auguste,, 33610, CESTAS, France",N/A,+33 5 56 80 025,https://sucre.plus/,https://www.ingredientsnetwork.com/sucre-comp267900.html
Rettenmaier India Pvt. Ltd.,"Rettenmaier India Pvt. Ltd. was incorporated in the year 2009 and is a subsidiary of J. RETTENMAIER & SÖHNE GMBH+CO KG which is a family owned organization established in the year 1878 by Mr. Jakob Rettenmaier located at Rosenberg, Germany. J. Rette...",Africa; Asia; Australia; Central/South America; Eastern Europe; Middle East; North America; Western Europe,Manufacturer: Ingredients / Additives,N/A,N/A,"B/816, Lodha Supremus II,, Road No. 22,, Wagle Estate,, 400604, Thane (W), India",N/A,022- 40243821,https://www.jrs.de,https://www.ingredientsnetwork.com/rettenmaier-india-pvt-ltd-comp281307.html
PT Phytochemindo Reksa,"Phytochemindo Reksa is one of the leading manufacturers and suppliers of herbal plant extracts from Indonesia. The company provides services to meet the needs of pharmaceuticals, food and beverage, and cosmetics industries since 1977. They also prov...",Eastern Europe; North America; Western Europe,Manufacturer: Ingredients / Additives,N/A,N/A,"Ji Mercedes Benz No. 105, Cicadas Gunung Purti, 16964, Bogar, INDONESIA (ID), Indonesia",N/A,+ 62 822 1014 0011,https://www.phytochemindo.com,https://www.ingredientsnetwork.com/pt-phytochemindo-reksa-comp302006.html
County Milk Products Ltd,"We're a proud, family run, business and also the largest privately-owned Dairy Ingredient manufacturer in the UK. Our unique combination of a strong family heritage and consistent growth has helped County Milk Products develop into one of Europe's l...",Africa; Asia; Middle East; Western Europe,"Food Safety, Quality and Service; Manufacturer: Finished Food Products; Manufacturer: Food & Beverage Finished Products; Manufacturer: Ingredients / Additives; Raw Material Supplier",N/A,N/A,"Dean Court, 85 Adlington Road, SK9 2BT, Wilmslow, Cheshire, United Kingdom",N/A,+44 (0)1625 586177,N/A,https://www.ingredientsnetwork.com/county-milk-products-ltd-comp282030.html
